"0.00 ,0 ,0.00"
"100.00 ,0 ,-7.63"
"201.00 ,0 ,-2.95"
"302.00 ,0 ,-1.31"
"403.00 ,0 ,-1.31"
"503.00 ,0 ,-1.31"
"605.00 ,0 ,-1.31"
"705.00 ,0 ,-1.31"
"806.00 ,0 ,-1.31"
"908.00 ,0 ,-1.31"
"1008.00 ,0 ,-1.31"
"1110.00 ,0 ,-1.31"
"1210.00 ,0 ,-1.31"
"1311.00 ,0 ,-1.31"
"1413.00 ,0 ,-1.31"
"1513.00 ,0 ,-1.31"
"1614.00 ,0 ,-1.31"
"1716.00 ,0 ,-1.31"
"1816.00 ,0 ,-1.31"
"1917.00 ,0 ,-1.31"
"2019.00 ,0 ,-1.31"
"2119.00 ,0 ,-1.31"
"2221.00 ,0 ,-1.31"
"2321.00 ,0 ,-1.31"
"2422.00 ,0 ,-1.31"
"2524.00 ,0 ,-1.31"
"2624.00 ,0 ,-1.31"
"2725.00 ,0 ,-1.31"
"2827.00 ,0 ,-1.31"
"2927.00 ,0 ,-1.31"
"3028.00 ,0 ,-1.31"
"3130.00 ,0 ,-1.31"
"3230.00 ,0 ,-1.31"
"3332.00 ,0 ,-1.31"
"3432.00 ,0 ,-1.31"
"3533.00 ,0 ,-1.31"
"3635.00 ,0 ,-1.31"
"3735.00 ,0 ,-1.31"
"3836.00 ,0 ,-1.31"
"3938.00 ,0 ,-1.31"
"4038.00 ,0 ,-1.31"
"4140.00 ,0 ,-1.31"
"4240.00 ,0 ,-1.31"
"4341.00 ,0 ,-1.31"
"4443.00 ,0 ,-1.31"
"4543.00 ,0 ,-1.31"
"4644.00 ,0 ,-1.31"
"4746.00 ,0 ,-1.31"
"4846.00 ,0 ,-1.31"
"4947.00 ,0 ,-1.31"
"5049.00 ,0 ,-1.31"
"5149.00 ,0 ,-1.31"
"5251.00 ,0 ,-1.31"
"5351.00 ,0 ,-1.31"
"5452.00 ,0 ,-1.31"
"5554.00 ,0 ,-1.31"
"5654.00 ,0 ,-1.31"
"5755.00 ,0 ,-1.31"
"5857.00 ,0 ,-1.31"
"5957.00 ,0 ,-1.31"
"6059.00 ,0 ,-1.31"
"6160.00 ,0 ,-1.31"
"6260.00 ,0 ,-1.31"
"6362.00 ,0 ,-1.31"
"6462.00 ,0 ,-1.31"
"6563.00 ,0 ,-1.31"
"6665.00 ,0 ,-1.31"
"6765.00 ,0 ,-1.31"
"6866.00 ,0 ,-1.31"
"6968.00 ,0 ,-1.31"
"7068.00 ,0 ,-1.31"
"7170.00 ,0 ,-1.31"
"7270.00 ,0 ,-1.31"
"7371.00 ,0 ,-1.31"
"7473.00 ,0 ,-1.31"
"7573.00 ,0 ,-1.31"
"7674.00 ,0 ,-1.31"
"7776.00 ,0 ,-1.31"
"7876.00 ,0 ,-1.31"
"7977.00 ,0 ,-1.31"
"8079.00 ,0 ,-1.31"
"8179.00 ,0 ,-1.31"
"8281.00 ,0 ,-1.31"
"8381.00 ,0 ,-1.31"
"8482.00 ,0 ,-1.31"
"8584.00 ,0 ,-1.31"
"8684.00 ,0 ,-1.31"
"8785.00 ,0 ,-1.31"
"8887.00 ,0 ,-1.31"
"8987.00 ,0 ,-1.31"
"9089.00 ,0 ,-1.31"
"9190.00 ,0 ,-1.31"
"9290.00 ,0 ,-1.31"
"9392.00 ,0 ,-1.31"
"9492.00 ,0 ,-1.31"
"9593.00 ,0 ,-1.31"
"9695.00 ,0 ,-1.31"
"9795.00 ,0 ,-1.31"
"9896.00 ,0 ,-1.31"
"9998.00 ,0 ,-1.31"
"10098.00 ,749 ,-1.31"
"10200.00 ,749 ,-16.53"
"10301.00 ,749 ,-15.68"
"10402.00 ,748 ,-16.31"
"10504.00 ,748 ,-15.65"
"10605.00 ,748 ,-15.48"
"10706.00 ,747 ,-14.89"
"10808.00 ,747 ,-15.45"
"10908.00 ,747 ,-14.89"
"11010.00 ,746 ,-15.65"
"11111.00 ,746 ,-15.04"
"11212.00 ,746 ,-16.31"
"11314.00 ,746 ,-16.31"
"11415.00 ,745 ,-15.65"
"11516.00 ,745 ,-15.68"
"11618.00 ,745 ,-15.65"
"11719.00 ,744 ,-15.65"
"11821.00 ,744 ,-16.06"
"11922.00 ,744 ,-16.17"
"12022.00 ,743 ,-15.65"
"12124.00 ,743 ,-16.13"
"12225.00 ,743 ,-14.89"
"12326.00 ,743 ,-14.86"
"12428.00 ,742 ,-16.35"
"12529.00 ,742 ,-14.89"
"12631.00 ,742 ,-15.65"
"12732.00 ,741 ,-15.62"
"12833.00 ,741 ,-14.17"
"12935.00 ,741 ,-14.86"
"13036.00 ,740 ,-15.48"
"13136.00 ,740 ,-15.45"
"13238.00 ,740 ,-15.68"
"13339.00 ,739 ,-16.31"
"13441.00 ,739 ,-15.45"
"13542.00 ,739 ,-15.52"
"13643.00 ,739 ,-14.89"
"13745.00 ,738 ,-15.65"
"13846.00 ,738 ,-16.53"
"13947.00 ,738 ,-15.99"
"14049.00 ,737 ,-15.65"
"14150.00 ,737 ,-13.69"
"14251.00 ,737 ,-15.07"
"14352.00 ,736 ,-14.89"
"14453.00 ,736 ,-15.72"
"14555.00 ,736 ,-15.68"
"14656.00 ,736 ,-16.53"
"14757.00 ,735 ,-16.53"
"14859.00 ,735 ,-15.68"
"14960.00 ,735 ,-16.50"
"15062.00 ,734 ,-15.07"
"15163.00 ,734 ,-15.68"
"15264.00 ,734 ,-15.07"
"15365.00 ,733 ,-16.35"
"15466.00 ,733 ,-15.20"
"15567.00 ,733 ,-15.04"
"15669.00 ,732 ,-15.45"
"15770.00 ,732 ,-15.07"
"15872.00 ,732 ,-15.65"
"15973.00 ,732 ,-15.52"
"16074.00 ,731 ,-14.71"
"16176.00 ,731 ,-15.68"
"16277.00 ,731 ,-15.52"
"16378.00 ,730 ,-15.82"
"16479.00 ,730 ,-14.80"
"16580.00 ,730 ,-15.58"
"16681.00 ,729 ,-14.09"
"16783.00 ,729 ,-15.45"
"16884.00 ,729 ,-16.53"
"16986.00 ,729 ,-14.89"
"17087.00 ,728 ,-15.07"
"17188.00 ,728 ,-15.48"
"17290.00 ,728 ,-16.17"
"17391.00 ,727 ,-15.52"
"17492.00 ,727 ,-15.07"
"17593.00 ,727 ,-15.65"
"17694.00 ,726 ,-15.65"
"17796.00 ,726 ,-16.17"
"17897.00 ,726 ,-14.86"
"17998.00 ,726 ,-17.03"
"18100.00 ,725 ,-14.33"
"18201.00 ,725 ,-16.10"
"18302.00 ,725 ,-15.65"
"18404.00 ,724 ,-13.64"
"18505.00 ,724 ,-14.33"
"18607.00 ,724 ,-14.89"
"18707.00 ,723 ,-15.16"
"18808.00 ,723 ,-15.20"
"18910.00 ,723 ,-14.89"
"19011.00 ,722 ,-16.53"
"19112.00 ,722 ,-15.07"
"19214.00 ,722 ,-16.53"
"19315.00 ,722 ,-15.68"
"19417.00 ,721 ,-16.99"
"19518.00 ,721 ,-16.31"
"19619.00 ,721 ,-16.53"
"19721.00 ,720 ,-15.68"
"19821.00 ,720 ,-14.47"
"19922.00 ,720 ,-15.26"
"20024.00 ,719 ,-15.26"
"20125.00 ,719 ,-15.89"
"20227.00 ,719 ,-15.52"
"20328.00 ,719 ,-14.74"
"20429.00 ,718 ,-14.86"
"20531.00 ,718 ,-15.45"
"20632.00 ,718 ,-15.65"
"20733.00 ,717 ,-15.01"
"20834.00 ,717 ,-15.85"
"20935.00 ,717 ,-15.07"
"21037.00 ,716 ,-14.86"
"21138.00 ,716 ,-15.16"
"21239.00 ,716 ,-16.53"
"21341.00 ,715 ,-15.52"
"21442.00 ,715 ,-14.89"
"21543.00 ,715 ,-16.13"
"21645.00 ,715 ,-15.82"
"21746.00 ,714 ,-14.59"
"21848.00 ,714 ,-15.45"
"21948.00 ,714 ,-15.65"
"22049.00 ,713 ,-15.68"
"22151.00 ,713 ,-15.48"
"22252.00 ,713 ,-15.68"
"22353.00 ,712 ,-14.89"
"22455.00 ,712 ,-15.68"
"22556.00 ,712 ,-15.85"
"22658.00 ,712 ,-15.85"
"22759.00 ,711 ,-15.72"
"22860.00 ,711 ,-15.45"
"22962.00 ,711 ,-16.28"
"23062.00 ,710 ,-15.52"
"23163.00 ,710 ,-15.68"
"23265.00 ,710 ,-16.35"
"23366.00 ,709 ,-14.89"
"23468.00 ,709 ,-16.53"
"23569.00 ,709 ,-14.33"
"23670.00 ,708 ,-15.65"
"23772.00 ,708 ,-15.58"
"23873.00 ,708 ,-15.65"
"23974.00 ,708 ,-15.07"
"24076.00 ,707 ,-15.04"
"24176.00 ,707 ,-14.89"
"24278.00 ,707 ,-16.06"
"24379.00 ,706 ,-15.62"
"24480.00 ,706 ,-15.42"
"24582.00 ,706 ,-15.65"
"24683.00 ,705 ,-14.86"
"24784.00 ,705 ,-14.50"
"24886.00 ,705 ,-15.65"
"24987.00 ,705 ,-15.01"
"25089.00 ,704 ,-15.85"
"25189.00 ,704 ,-14.95"
"25290.00 ,704 ,-14.19"
"25392.00 ,703 ,-15.85"
"25493.00 ,703 ,-16.13"
"25594.00 ,703 ,-15.04"
"25696.00 ,702 ,-15.85"
"25797.00 ,702 ,-15.07"
"25899.00 ,702 ,-15.65"
"26000.00 ,702 ,-15.45"
"26101.00 ,701 ,-15.68"
"26203.00 ,701 ,-15.26"
"26303.00 ,701 ,-15.65"
"26404.00 ,700 ,-16.31"
"26506.00 ,700 ,-15.65"
"26607.00 ,700 ,-14.45"
"26708.00 ,699 ,-15.45"
"26810.00 ,699 ,-16.06"
"26911.00 ,699 ,-15.26"
"27013.00 ,698 ,-15.07"
"27114.00 ,698 ,-15.52"
"27215.00 ,698 ,-15.07"
"27316.00 ,698 ,-14.89"
"27417.00 ,697 ,-16.35"
"27518.00 ,697 ,-15.65"
"27620.00 ,697 ,-17.27"
"27721.00 ,696 ,-14.89"
"27823.00 ,696 ,-14.89"
"27924.00 ,696 ,-15.65"
"28025.00 ,695 ,-15.68"
"28127.00 ,695 ,-15.82"
"28228.00 ,695 ,-15.85"
"28329.00 ,695 ,-15.62"
"28430.00 ,694 ,-14.28"
"28531.00 ,694 ,-15.45"
"28633.00 ,694 ,-16.53"
"28734.00 ,693 ,-15.65"
"28835.00 ,693 ,-15.68"
"28937.00 ,693 ,-14.17"
"29038.00 ,692 ,-16.03"
"29139.00 ,692 ,-14.86"
"29241.00 ,692 ,-16.57"
"29342.00 ,691 ,-15.01"
"29443.00 ,691 ,-16.53"
"29544.00 ,691 ,-16.53"
"29645.00 ,691 ,-14.33"
"29747.00 ,690 ,-14.89"
"29848.00 ,690 ,-14.89"
"29949.00 ,690 ,-15.01"
"30051.00 ,689 ,-15.65"
"30152.00 ,689 ,-15.07"
"30254.00 ,689 ,-18.31"
"30355.00 ,688 ,-14.89"
"30456.00 ,688 ,-15.89"
"30557.00 ,688 ,-14.86"
"30658.00 ,688 ,-15.65"
"30759.00 ,687 ,-15.65"
"30861.00 ,687 ,-14.86"
"30962.00 ,687 ,-15.48"
"31064.00 ,686 ,-14.89"
"31165.00 ,686 ,-15.65"
"31266.00 ,686 ,-16.06"
"31368.00 ,685 ,-15.68"
"31469.00 ,685 ,-15.20"
"31569.00 ,685 ,-14.17"
"31671.00 ,684 ,-15.07"
"31772.00 ,684 ,-16.31"
"31874.00 ,684 ,-15.48"
"31975.00 ,684 ,-14.86"
"32076.00 ,683 ,-14.33"
"32178.00 ,683 ,-14.31"
"32279.00 ,683 ,-16.31"
"32380.00 ,682 ,-15.62"
"32482.00 ,682 ,-16.92"
"32583.00 ,682 ,-15.68"
"32684.00 ,681 ,-15.07"
"32785.00 ,681 ,-15.65"
"32886.00 ,681 ,-15.65"
"32988.00 ,681 ,-15.48"
"33089.00 ,680 ,-16.31"
"33190.00 ,680 ,-15.10"
"33292.00 ,680 ,-16.42"
"33393.00 ,679 ,-15.75"
"33495.00 ,679 ,-14.22"
"33596.00 ,679 ,-14.98"
"33697.00 ,678 ,-14.86"
"33798.00 ,678 ,-16.28"
"33899.00 ,678 ,-15.68"
"34000.00 ,678 ,-15.26"
"34102.00 ,677 ,-14.86"
"34203.00 ,677 ,-18.83"
"34305.00 ,677 ,-16.53"
"34406.00 ,676 ,-15.04"
"34507.00 ,676 ,-15.45"
"34609.00 ,676 ,-16.99"
"34710.00 ,675 ,-15.68"
"34811.00 ,675 ,-15.65"
"34912.00 ,675 ,-15.45"
"35013.00 ,674 ,-15.65"
"35115.00 ,674 ,-15.65"
"35216.00 ,674 ,-14.89"
"35317.00 ,674 ,-15.48"
"35419.00 ,673 ,-15.26"
"35520.00 ,673 ,-14.53"
"35621.00 ,673 ,-16.31"
"35723.00 ,672 ,-15.52"
"35824.00 ,672 ,-16.35"
"35926.00 ,672 ,-16.28"
"36026.00 ,671 ,-15.65"
"36127.00 ,671 ,-16.53"
"36229.00 ,671 ,-15.65"
"36330.00 ,671 ,-15.35"
"36431.00 ,670 ,-14.36"
"36533.00 ,670 ,-15.07"
"36634.00 ,670 ,-15.48"
"36736.00 ,669 ,-16.35"
"36837.00 ,669 ,-16.35"
"36938.00 ,669 ,-15.45"
"37039.00 ,668 ,-14.33"
"37140.00 ,668 ,-14.80"
"37241.00 ,668 ,-14.31"
"37343.00 ,667 ,-15.45"
"37444.00 ,667 ,-15.68"
"37545.00 ,667 ,-15.07"
"37647.00 ,667 ,-16.35"
"37748.00 ,666 ,-14.45"
"37850.00 ,666 ,-14.36"
"37951.00 ,666 ,-16.53"
"38052.00 ,665 ,-15.68"
"38153.00 ,665 ,-14.89"
"38254.00 ,665 ,-15.04"
"38355.00 ,664 ,-14.17"
"38457.00 ,664 ,-14.89"
"38558.00 ,664 ,-15.04"
"38660.00 ,664 ,-15.85"
"38761.00 ,663 ,-15.82"
"38862.00 ,663 ,-16.31"
"38964.00 ,663 ,-17.27"
"39065.00 ,662 ,-15.85"
"39165.00 ,662 ,-15.62"
"39267.00 ,662 ,-16.31"
"39368.00 ,661 ,-15.10"
"39470.00 ,661 ,-15.07"
"39571.00 ,661 ,-14.86"
"39672.00 ,660 ,-14.36"
"39774.00 ,660 ,-15.65"
"39875.00 ,660 ,-16.06"
"39976.00 ,660 ,-15.62"
"40078.00 ,659 ,-16.17"
"40179.00 ,659 ,-14.86"
"40280.00 ,659 ,-15.45"
"40381.00 ,658 ,-14.89"
"40482.00 ,658 ,-15.04"
"40584.00 ,658 ,-16.39"
"40685.00 ,657 ,-15.04"
"40786.00 ,657 ,-15.65"
"40888.00 ,657 ,-16.53"
"40989.00 ,657 ,-15.39"
"41091.00 ,656 ,-14.89"
"41192.00 ,656 ,-16.10"
"41293.00 ,656 ,-15.07"
"41394.00 ,655 ,-14.89"
"41495.00 ,655 ,-15.04"
"41596.00 ,655 ,-14.33"
"41698.00 ,654 ,-15.07"
"41799.00 ,654 ,-15.68"
"41901.00 ,654 ,-15.65"
"42002.00 ,653 ,-15.65"
"42103.00 ,653 ,-15.16"
"42205.00 ,653 ,-14.33"
"42306.00 ,653 ,-15.45"
"42407.00 ,652 ,-16.35"
"42508.00 ,652 ,-16.53"
"42609.00 ,652 ,-15.48"
"42711.00 ,651 ,-14.33"
"42812.00 ,651 ,-14.19"
"42913.00 ,651 ,-14.83"
"43015.00 ,650 ,-16.31"
"43116.00 ,650 ,-15.68"
"43217.00 ,650 ,-15.07"
"43319.00 ,650 ,-15.29"
"43420.00 ,649 ,-15.68"
"43522.00 ,649 ,-15.04"
"43622.00 ,649 ,-15.04"
"43723.00 ,648 ,-15.65"
"43825.00 ,648 ,-15.65"
"43926.00 ,648 ,-14.71"
"44027.00 ,647 ,-15.45"
"44129.00 ,647 ,-15.48"
"44230.00 ,647 ,-16.31"
"44332.00 ,647 ,-15.68"
"44433.00 ,646 ,-15.65"
"44534.00 ,646 ,-15.65"
"44635.00 ,646 ,-15.04"
"44736.00 ,645 ,-15.45"
"44837.00 ,645 ,-15.65"
"44939.00 ,645 ,-15.65"
"45040.00 ,644 ,-15.04"
"45142.00 ,644 ,-14.33"
"45243.00 ,644 ,-16.10"
"45344.00 ,643 ,-14.62"
"45446.00 ,643 ,-15.45"
"45547.00 ,643 ,-15.65"
"45648.00 ,643 ,-15.48"
"45749.00 ,642 ,-15.65"
"45850.00 ,642 ,-15.72"
"45952.00 ,642 ,-14.89"
"46053.00 ,641 ,-16.31"
"46154.00 ,641 ,-15.89"
"46256.00 ,641 ,-15.89"
"46357.00 ,640 ,-15.45"
"46458.00 ,640 ,-14.86"
"46560.00 ,640 ,-14.33"
"46661.00 ,640 ,-15.07"
"46761.00 ,639 ,-15.20"
"46863.00 ,639 ,-15.85"
"46964.00 ,639 ,-15.07"
"47066.00 ,638 ,-15.85"
"47167.00 ,638 ,-15.45"
"47268.00 ,638 ,-15.68"
"47370.00 ,637 ,-15.68"
"47471.00 ,637 ,-16.50"
"47572.00 ,637 ,-15.65"
"47674.00 ,636 ,-15.42"
"47775.00 ,636 ,-15.65"
"47876.00 ,636 ,-15.68"
"47977.00 ,636 ,-16.53"
"48078.00 ,635 ,-16.31"
"48180.00 ,635 ,-14.86"
"48281.00 ,635 ,-16.35"
"48382.00 ,634 ,-14.89"
"48484.00 ,634 ,-14.17"
"48585.00 ,634 ,-15.26"
"48687.00 ,633 ,-15.65"
"48788.00 ,633 ,-17.11"
"48889.00 ,633 ,-14.74"
"48990.00 ,633 ,-15.65"
"49091.00 ,632 ,-14.28"
"49192.00 ,632 ,-15.35"
"49294.00 ,632 ,-15.68"
"49395.00 ,631 ,-15.68"
"49497.00 ,631 ,-14.89"
"49598.00 ,631 ,-14.33"
"49699.00 ,630 ,-15.65"
"49801.00 ,630 ,-15.04"
"49902.00 ,630 ,-16.31"
"50003.00 ,629 ,-15.68"
"50104.00 ,629 ,-15.07"
"50205.00 ,629 ,-14.92"
"50307.00 ,629 ,-15.72"
"50408.00 ,628 ,-14.89"
"50509.00 ,628 ,-16.10"
"50611.00 ,628 ,-16.53"
"50712.00 ,627 ,-15.65"
"50813.00 ,627 ,-17.52"
"50915.00 ,627 ,-14.89"
"51016.00 ,626 ,-14.89"
"51118.00 ,626 ,-16.17"
"51218.00 ,626 ,-15.85"
"51319.00 ,626 ,-15.62"
"51421.00 ,625 ,-15.04"
"51522.00 ,625 ,-15.62"
"51623.00 ,625 ,-15.48"
"51725.00 ,624 ,-15.82"
"51826.00 ,624 ,-15.04"
"51928.00 ,624 ,-15.65"
"52029.00 ,623 ,-15.45"
"52130.00 ,623 ,-16.35"
"52232.00 ,623 ,-15.48"
"52332.00 ,623 ,-15.07"
"52433.00 ,622 ,-16.53"
"52535.00 ,622 ,-16.99"
"52636.00 ,622 ,-14.31"
"52738.00 ,621 ,-14.89"
"52839.00 ,621 ,-14.53"
"52940.00 ,621 ,-16.31"
"53042.00 ,620 ,-17.40"
"53143.00 ,620 ,-15.04"
"53244.00 ,620 ,-14.74"
"53345.00 ,619 ,-16.31"
"53446.00 ,619 ,-14.89"
"53548.00 ,619 ,-15.52"
"53649.00 ,619 ,-15.65"
"53750.00 ,618 ,-15.65"
"53852.00 ,618 ,-16.31"
"53953.00 ,618 ,-15.89"
"54054.00 ,617 ,-13.79"
"54156.00 ,617 ,-14.89"
"54257.00 ,617 ,-17.23"
"54358.00 ,616 ,-15.89"
"54459.00 ,616 ,-15.65"
"54560.00 ,616 ,-16.61"
"54662.00 ,616 ,-14.86"
"54763.00 ,615 ,-14.89"
"54864.00 ,615 ,-16.53"
"54966.00 ,615 ,-14.89"
"55067.00 ,614 ,-15.65"
"55169.00 ,614 ,-15.04"
"55270.00 ,614 ,-14.83"
"55371.00 ,613 ,-16.28"
"55472.00 ,613 ,-15.82"
"55573.00 ,613 ,-14.86"
"55674.00 ,612 ,-16.53"
"55776.00 ,612 ,-16.46"
"55877.00 ,612 ,-15.68"
"55979.00 ,612 ,-15.39"
"56080.00 ,611 ,-16.50"
"56181.00 ,611 ,-15.04"
"56283.00 ,611 ,-14.71"
"56384.00 ,610 ,-16.31"
"56485.00 ,610 ,-16.72"
"56586.00 ,610 ,-14.59"
"56687.00 ,609 ,-15.89"
"56788.00 ,609 ,-15.89"
"56890.00 ,609 ,-15.68"
"56991.00 ,609 ,-16.35"
"57093.00 ,608 ,-16.39"
"57194.00 ,608 ,-15.68"
"57295.00 ,608 ,-15.04"
"57397.00 ,607 ,-15.65"
"57498.00 ,607 ,-17.27"
"57598.00 ,607 ,-15.52"
"57700.00 ,606 ,-14.89"
"57801.00 ,606 ,-15.07"
"57903.00 ,606 ,-14.86"
"58004.00 ,605 ,-17.31"
"58105.00 ,605 ,-15.52"
"58207.00 ,605 ,-15.48"
"58308.00 ,605 ,-15.65"
"58409.00 ,604 ,-15.65"
"58511.00 ,604 ,-15.62"
"58612.00 ,604 ,-15.07"
"58713.00 ,603 ,-15.45"
"58814.00 ,603 ,-15.68"
"58915.00 ,603 ,-15.48"
"59017.00 ,602 ,-14.89"
"59118.00 ,602 ,-15.82"
"59219.00 ,602 ,-15.62"
"59321.00 ,602 ,-15.85"
"59422.00 ,601 ,-15.45"
"59524.00 ,601 ,-14.89"
"59625.00 ,601 ,-15.68"
"59726.00 ,600 ,-15.65"
"59827.00 ,600 ,-15.68"
"59928.00 ,600 ,-15.68"
"60029.00 ,599 ,-15.65"
"60131.00 ,599 ,-14.33"
"60232.00 ,599 ,-15.26"
"60334.00 ,598 ,-14.74"
"60435.00 ,598 ,-15.85"
"60536.00 ,598 ,-16.31"
"60638.00 ,598 ,-15.68"
"60739.00 ,597 ,-15.62"
"60840.00 ,597 ,-15.52"
"60941.00 ,597 ,-16.72"
"61042.00 ,596 ,-14.89"
"61144.00 ,596 ,-16.31"
"61245.00 ,596 ,-17.48"
"61346.00 ,595 ,-16.17"
"61448.00 ,595 ,-15.52"
"61549.00 ,595 ,-15.45"
"61650.00 ,595 ,-14.36"
"61752.00 ,594 ,-17.07"
"61853.00 ,594 ,-16.35"
"61955.00 ,594 ,-15.65"
"62055.00 ,593 ,-14.36"
"62156.00 ,593 ,-15.07"
"62258.00 ,593 ,-15.01"
"62359.00 ,592 ,-15.65"
"62460.00 ,592 ,-15.85"
"62562.00 ,592 ,-15.65"
"62663.00 ,592 ,-14.33"
"62765.00 ,591 ,-14.74"
"62866.00 ,591 ,-14.47"
"62967.00 ,591 ,-15.04"
"63068.00 ,590 ,-15.65"
"63169.00 ,590 ,-14.50"
"63270.00 ,590 ,-14.98"
"63372.00 ,589 ,-17.23"
"63473.00 ,589 ,-15.65"
"63575.00 ,589 ,-14.89"
"63676.00 ,588 ,-16.53"
"63777.00 ,588 ,-15.82"
"63879.00 ,588 ,-15.82"
"63980.00 ,588 ,-14.89"
"64081.00 ,587 ,-15.45"
"64182.00 ,587 ,-15.20"
"64283.00 ,587 ,-18.36"
"64385.00 ,586 ,-16.20"
"64486.00 ,586 ,-15.26"
"64587.00 ,586 ,-14.89"
"64689.00 ,585 ,-15.01"
"64790.00 ,585 ,-14.45"
"64891.00 ,585 ,-15.65"
"64993.00 ,585 ,-15.68"
"65094.00 ,584 ,-15.65"
"65196.00 ,584 ,-16.39"
"65296.00 ,584 ,-15.07"
"65397.00 ,583 ,-15.26"
"65499.00 ,583 ,-15.68"
"65600.00 ,583 ,-15.65"
"65701.00 ,582 ,-15.82"
"65803.00 ,582 ,-15.45"
"65904.00 ,582 ,-14.89"
"66006.00 ,581 ,-15.68"
"66107.00 ,581 ,-15.82"
"66208.00 ,581 ,-16.35"
"66309.00 ,581 ,-15.65"
"66410.00 ,580 ,-15.48"
"66511.00 ,580 ,-15.65"
"66613.00 ,580 ,-14.74"
"66714.00 ,579 ,-14.86"
"66816.00 ,579 ,-15.45"
"66917.00 ,579 ,-15.45"
"67018.00 ,578 ,-15.85"
"67120.00 ,578 ,-16.28"
"67221.00 ,578 ,-15.01"
"67322.00 ,578 ,-15.45"
"67424.00 ,577 ,-14.89"
"67524.00 ,577 ,-16.31"
"67625.00 ,577 ,-14.86"
"67727.00 ,576 ,-14.89"
"67828.00 ,576 ,-15.48"
"67930.00 ,576 ,-15.65"
"68031.00 ,575 ,-16.13"
"68132.00 ,575 ,-16.53"
"68234.00 ,575 ,-15.85"
"68335.00 ,574 ,-13.85"
"68436.00 ,574 ,-15.07"
"68538.00 ,574 ,-15.04"
"68638.00 ,574 ,-15.82"
"68740.00 ,573 ,-15.82"
"68841.00 ,573 ,-14.89"
"68942.00 ,573 ,-15.89"
"69044.00 ,572 ,-13.77"
"69145.00 ,572 ,-16.57"
"69246.00 ,572 ,-15.65"
"69348.00 ,571 ,-15.85"
"69449.00 ,571 ,-15.65"
"69551.00 ,571 ,-16.53"
"69652.00 ,571 ,-16.28"
"69752.00 ,570 ,-14.36"
"69854.00 ,570 ,-15.45"
"69955.00 ,570 ,-15.65"
"70056.00 ,569 ,-16.53"
"70158.00 ,569 ,-14.89"
"70259.00 ,569 ,-14.89"
"70361.00 ,568 ,-15.26"
"70462.00 ,568 ,-15.04"
"70563.00 ,568 ,-15.65"
"70665.00 ,568 ,-15.85"
"70766.00 ,567 ,-14.31"
"70866.00 ,567 ,-14.31"
"70968.00 ,567 ,-16.28"
"71069.00 ,566 ,-16.35"
"71171.00 ,566 ,-16.99"
"71272.00 ,566 ,-15.65"
"71373.00 ,565 ,-15.68"
"71475.00 ,565 ,-14.31"
"71576.00 ,565 ,-15.04"
"71677.00 ,564 ,-15.45"
"71779.00 ,564 ,-14.89"
"71880.00 ,564 ,-15.89"
"71982.00 ,564 ,-16.53"
"72082.00 ,563 ,-15.52"
"72183.00 ,563 ,-14.50"
"72285.00 ,563 ,-15.07"
"72386.00 ,562 ,-16.39"
"72487.00 ,562 ,-14.89"
"72589.00 ,562 ,-15.68"
"72690.00 ,561 ,-14.19"
"72792.00 ,561 ,-16.10"
"72893.00 ,561 ,-15.04"
"72994.00 ,561 ,-15.68"
"73096.00 ,560 ,-15.68"
"73196.00 ,560 ,-15.68"
"73297.00 ,560 ,-15.65"
"73399.00 ,559 ,-15.23"
"73500.00 ,559 ,-16.17"
"73602.00 ,559 ,-15.48"
"73703.00 ,558 ,-15.45"
"73804.00 ,558 ,-16.31"
"73906.00 ,558 ,-15.04"
"74007.00 ,557 ,-14.86"
"74108.00 ,557 ,-14.89"
"74210.00 ,557 ,-15.65"
"74310.00 ,557 ,-16.50"
"74412.00 ,556 ,-15.68"
"74513.00 ,556 ,-15.68"
"74614.00 ,556 ,-13.82"
"74716.00 ,555 ,-14.83"
"74817.00 ,555 ,-14.33"
"74918.00 ,555 ,-15.82"
"75020.00 ,554 ,-15.62"
"75121.00 ,554 ,-15.45"
"75223.00 ,554 ,-15.45"
"75324.00 ,554 ,-15.65"
"75425.00 ,553 ,-17.48"
"75526.00 ,553 ,-16.31"
"75627.00 ,553 ,-15.45"
"75728.00 ,552 ,-17.52"
"75830.00 ,552 ,-15.07"
"75931.00 ,552 ,-16.53"
"76033.00 ,551 ,-14.53"
"76134.00 ,551 ,-15.68"
"76235.00 ,551 ,-15.65"
"76337.00 ,550 ,-15.48"
"76438.00 ,550 ,-14.45"
"76539.00 ,550 ,-14.89"
"76640.00 ,550 ,-16.31"
"76741.00 ,549 ,-16.35"
"76843.00 ,549 ,-17.11"
"76944.00 ,549 ,-16.35"
"77045.00 ,548 ,-14.89"
"77147.00 ,548 ,-14.53"
"77248.00 ,548 ,-15.07"
"77349.00 ,547 ,-16.76"
"77451.00 ,547 ,-15.26"
"77552.00 ,547 ,-16.06"
"77654.00 ,547 ,-15.85"
"77755.00 ,546 ,-15.65"
"77855.00 ,546 ,-13.64"
"77957.00 ,546 ,-14.89"
"78058.00 ,545 ,-14.89"
"78159.00 ,545 ,-16.53"
"78261.00 ,545 ,-15.65"
"78362.00 ,544 ,-15.62"
"78464.00 ,544 ,-15.04"
"78565.00 ,544 ,-17.48"
"78666.00 ,544 ,-15.01"
"78768.00 ,543 ,-14.42"
"78869.00 ,543 ,-15.62"
"78969.00 ,543 ,-15.04"
"79071.00 ,542 ,-15.85"
"79172.00 ,542 ,-14.89"
"79273.00 ,542 ,-15.85"
"79375.00 ,541 ,-15.04"
"79476.00 ,541 ,-15.45"
"79578.00 ,541 ,-14.00"
"79679.00 ,540 ,-15.32"
"79780.00 ,540 ,-16.31"
"79882.00 ,540 ,-15.45"
"79983.00 ,540 ,-14.86"
"80083.00 ,539 ,-16.31"
"80185.00 ,539 ,-14.31"
"80286.00 ,539 ,-15.32"
"80388.00 ,538 ,-14.89"
"80489.00 ,538 ,-15.68"
"80590.00 ,538 ,-15.65"
"80692.00 ,537 ,-16.53"
"80793.00 ,537 ,-14.89"
"80894.00 ,537 ,-14.33"
"80996.00 ,537 ,-14.89"
"81097.00 ,536 ,-14.86"
"81198.00 ,536 ,-15.82"
"81299.00 ,536 ,-15.52"
"81400.00 ,535 ,-14.86"
"81502.00 ,535 ,-16.28"
"81603.00 ,535 ,-16.31"
"81704.00 ,534 ,-14.89"
"81806.00 ,534 ,-16.53"
"81907.00 ,534 ,-16.31"
"82009.00 ,533 ,-16.31"
"82110.00 ,533 ,-15.52"
"82211.00 ,533 ,-14.74"
"82312.00 ,533 ,-15.62"
"82413.00 ,532 ,-15.65"
"82514.00 ,532 ,-16.28"
"82616.00 ,532 ,-15.16"
"82717.00 ,531 ,-15.32"
"82819.00 ,531 ,-15.45"
"82920.00 ,531 ,-16.31"
"83021.00 ,530 ,-15.65"
"83123.00 ,530 ,-16.53"
"83224.00 ,530 ,-15.68"
"83325.00 ,530 ,-16.10"
"83426.00 ,529 ,-16.03"
"83527.00 ,529 ,-14.89"
"83629.00 ,529 ,-14.74"
"83730.00 ,528 ,-16.31"
"83831.00 ,528 ,-15.45"
"83933.00 ,528 ,-16.31"
"84034.00 ,527 ,-15.07"
"84135.00 ,527 ,-14.74"
"84237.00 ,527 ,-15.07"
"84338.00 ,526 ,-15.68"
"84440.00 ,526 ,-15.45"
"84540.00 ,526 ,-15.48"
"84641.00 ,526 ,-15.68"
"84743.00 ,525 ,-15.45"
"84844.00 ,525 ,-15.89"
"84945.00 ,525 ,-16.53"
"85047.00 ,524 ,-15.82"
"85148.00 ,524 ,-15.65"
"85250.00 ,524 ,-15.68"
"85351.00 ,523 ,-15.85"
"85452.00 ,523 ,-14.89"
"85554.00 ,523 ,-15.01"
"85654.00 ,523 ,-15.65"
"85755.00 ,522 ,-16.06"
"85857.00 ,522 ,-15.65"
"85958.00 ,522 ,-15.10"
"86060.00 ,521 ,-17.27"
"86161.00 ,521 ,-15.62"
"86262.00 ,521 ,-15.62"
"86364.00 ,520 ,-15.62"
"86465.00 ,520 ,-14.86"
"86566.00 ,520 ,-15.78"
"86668.00 ,519 ,-16.50"
"86768.00 ,519 ,-16.31"
"86870.00 ,519 ,-16.03"
"86971.00 ,519 ,-15.72"
"87072.00 ,518 ,-15.65"
"87174.00 ,518 ,-14.89"
"87275.00 ,518 ,-13.85"
"87376.00 ,517 ,-16.72"
"87478.00 ,517 ,-15.62"
"87579.00 ,517 ,-15.82"
"87681.00 ,516 ,-14.86"
"87782.00 ,516 ,-14.89"
"87883.00 ,516 ,-14.17"
"87984.00 ,516 ,-15.85"
"88085.00 ,515 ,-16.76"
"88186.00 ,515 ,-15.07"
"88288.00 ,515 ,-15.45"
"88389.00 ,514 ,-16.35"
"88491.00 ,514 ,-14.47"
"88592.00 ,514 ,-15.48"
"88693.00 ,513 ,-16.53"
"88795.00 ,513 ,-15.07"
"88896.00 ,513 ,-15.68"
"88997.00 ,513 ,-14.89"
"89098.00 ,512 ,-13.85"
"89199.00 ,512 ,-15.07"
"89300.00 ,512 ,-15.52"
"89402.00 ,511 ,-15.52"
"89503.00 ,511 ,-15.65"
"89605.00 ,511 ,-16.06"
"89706.00 ,510 ,-14.36"
"89807.00 ,510 ,-14.31"
"89909.00 ,510 ,-16.17"
"90010.00 ,509 ,-15.45"
"90112.00 ,509 ,-16.50"
"90212.00 ,509 ,-15.65"
"90313.00 ,509 ,-15.01"
"90415.00 ,508 ,-16.35"
"90516.00 ,508 ,-15.07"
"90617.00 ,508 ,-15.68"
"90719.00 ,507 ,-15.07"
"90820.00 ,507 ,-14.89"
"90921.00 ,507 ,-15.99"
"91023.00 ,506 ,-14.33"
"91124.00 ,506 ,-14.33"
"91226.00 ,506 ,-17.11"
"91326.00 ,506 ,-15.78"
"91427.00 ,505 ,-16.53"
"91529.00 ,505 ,-15.68"
"91630.00 ,505 ,-14.89"
"91731.00 ,504 ,-14.92"
"91833.00 ,504 ,-16.17"
"91934.00 ,504 ,-15.92"
"92036.00 ,503 ,-15.07"
"92137.00 ,503 ,-15.48"
"92238.00 ,503 ,-16.39"
"92340.00 ,502 ,-17.27"
"92441.00 ,502 ,-15.85"
"92541.00 ,502 ,-16.53"
"92643.00 ,502 ,-15.65"
"92744.00 ,501 ,-14.89"
"92846.00 ,501 ,-15.82"
"92947.00 ,501 ,-15.48"
"93048.00 ,500 ,-15.48"
"93150.00 ,500 ,-15.75"
"93251.00 ,500 ,-15.85"
"93352.00 ,499 ,-15.52"
"93454.00 ,499 ,-14.71"
"93555.00 ,499 ,-15.07"
"93657.00 ,499 ,-16.35"
"93757.00 ,498 ,-15.85"
"93858.00 ,498 ,-15.82"
"93960.00 ,498 ,-14.86"
"94061.00 ,497 ,-15.62"
"94162.00 ,497 ,-14.83"
"94264.00 ,497 ,-15.01"
"94365.00 ,496 ,-15.07"
"94467.00 ,496 ,-15.65"
"94568.00 ,496 ,-14.86"
"94669.00 ,495 ,-14.47"
"94771.00 ,495 ,-14.89"
"94871.00 ,495 ,-15.68"
"94972.00 ,495 ,-15.07"
"95074.00 ,494 ,-14.19"
"95175.00 ,494 ,-16.53"
"95277.00 ,494 ,-13.79"
"95378.00 ,493 ,-15.45"
"95479.00 ,493 ,-15.07"
"95581.00 ,493 ,-16.31"
"95682.00 ,492 ,-14.74"
"95783.00 ,492 ,-14.89"
"95885.00 ,492 ,-15.07"
"95986.00 ,492 ,-15.45"
"96087.00 ,491 ,-15.89"
"96188.00 ,491 ,-15.45"
"96289.00 ,491 ,-14.89"
"96391.00 ,490 ,-14.17"
"96492.00 ,490 ,-14.89"
"96593.00 ,490 ,-14.89"
"96695.00 ,489 ,-15.32"
"96796.00 ,489 ,-14.31"
"96898.00 ,489 ,-14.17"
"96999.00 ,489 ,-14.33"
"97100.00 ,488 ,-14.89"
"97201.00 ,488 ,-15.01"
"97302.00 ,488 ,-14.89"
"97403.00 ,487 ,-14.00"
"97505.00 ,487 ,-15.26"
"97606.00 ,487 ,-14.89"
"97708.00 ,486 ,-15.65"
"97809.00 ,486 ,-15.48"
"97910.00 ,486 ,-14.50"
"98012.00 ,485 ,-14.86"
"98113.00 ,485 ,-15.62"
"98214.00 ,485 ,-13.77"
"98315.00 ,485 ,-14.14"
"98416.00 ,484 ,-14.89"
"98518.00 ,484 ,-14.68"
"98619.00 ,484 ,-15.45"
"98720.00 ,483 ,-14.31"
"98822.00 ,483 ,-14.31"
"98923.00 ,483 ,-14.68"
"99024.00 ,482 ,-14.89"
"99126.00 ,482 ,-14.71"
"99227.00 ,482 ,-15.52"
"99329.00 ,482 ,-15.99"
"99430.00 ,481 ,-13.66"
"99530.00 ,481 ,-14.19"
"99632.00 ,481 ,-14.89"
"99733.00 ,480 ,-14.89"
"99834.00 ,480 ,-14.74"
"99936.00 ,480 ,-14.89"
"100037.00 ,479 ,-15.07"
"100139.00 ,479 ,-13.41"
"100240.00 ,479 ,-14.31"
"100341.00 ,478 ,-14.89"
"100443.00 ,478 ,-14.89"
"100544.00 ,478 ,-14.17"
"100645.00 ,478 ,-14.71"
"100747.00 ,477 ,-14.31"
"100848.00 ,477 ,-14.59"
"100950.00 ,477 ,-13.64"
"101050.00 ,476 ,-12.94"
"101151.00 ,476 ,-14.00"
"101253.00 ,476 ,-14.17"
"101354.00 ,475 ,-14.17"
"101455.00 ,475 ,-13.54"
"101557.00 ,475 ,-13.39"
"101658.00 ,475 ,-14.17"
"101760.00 ,474 ,-14.89"
"101861.00 ,474 ,-13.06"
"101962.00 ,474 ,-15.32"
"102064.00 ,473 ,-15.23"
"102165.00 ,473 ,-14.17"
"102266.00 ,473 ,-13.79"
"102368.00 ,472 ,-13.51"
"102469.00 ,472 ,-15.29"
"102571.00 ,472 ,-13.54"
"102672.00 ,471 ,-13.69"
"102773.00 ,471 ,-14.17"
"102875.00 ,471 ,-14.17"
"102976.00 ,471 ,-14.17"
"103077.00 ,470 ,-13.39"
"103178.00 ,470 ,-12.80"
"103279.00 ,470 ,-13.85"
"103380.00 ,469 ,-14.47"
"103482.00 ,469 ,-13.82"
"103583.00 ,469 ,-13.66"
"103685.00 ,468 ,-13.22"
"103786.00 ,468 ,-14.19"
"103887.00 ,468 ,-14.17"
"103989.00 ,468 ,-14.17"
"104090.00 ,467 ,-14.89"
"104192.00 ,467 ,-14.19"
"104293.00 ,467 ,-13.85"
"104394.00 ,466 ,-14.17"
"104496.00 ,466 ,-14.06"
"104597.00 ,466 ,-14.17"
"104698.00 ,465 ,-13.06"
"104800.00 ,465 ,-12.54"
"104901.00 ,465 ,-13.10"
"105003.00 ,464 ,-14.19"
"105103.00 ,464 ,-13.54"
"105204.00 ,464 ,-14.03"
"105306.00 ,464 ,-12.94"
"105407.00 ,463 ,-13.39"
"105508.00 ,463 ,-13.85"
"105610.00 ,463 ,-13.06"
"105711.00 ,462 ,-14.17"
"105812.00 ,462 ,-13.66"
"105914.00 ,462 ,-13.37"
"106015.00 ,461 ,-13.08"
"106117.00 ,461 ,-14.17"
"106218.00 ,461 ,-14.03"
"106319.00 ,461 ,-14.06"
"106421.00 ,460 ,-13.51"
"106522.00 ,460 ,-14.17"
"106624.00 ,460 ,-14.86"
"106725.00 ,459 ,-14.14"
"106826.00 ,459 ,-12.92"
"106928.00 ,459 ,-13.39"
"107029.00 ,458 ,-12.94"
"107130.00 ,458 ,-11.87"
"107232.00 ,458 ,-13.08"
"107332.00 ,458 ,-12.89"
"107433.00 ,457 ,-13.51"
"107535.00 ,457 ,-12.01"
"107636.00 ,457 ,-13.08"
"107738.00 ,456 ,-12.54"
"107839.00 ,456 ,-12.96"
"107940.00 ,456 ,-13.06"
"108042.00 ,455 ,-13.51"
"108143.00 ,455 ,-12.94"
"108244.00 ,455 ,-12.94"
"108346.00 ,454 ,-12.83"
"108447.00 ,454 ,-12.52"
"108549.00 ,454 ,-13.54"
"108650.00 ,454 ,-12.83"
"108751.00 ,453 ,-13.54"
"108853.00 ,453 ,-12.94"
"108954.00 ,453 ,-13.29"
"109056.00 ,452 ,-14.03"
"109157.00 ,452 ,-13.41"
"109258.00 ,452 ,-12.94"
"109360.00 ,451 ,-13.39"
"109460.00 ,451 ,-13.37"
"109561.00 ,451 ,-12.83"
"109663.00 ,451 ,-12.52"
"109764.00 ,450 ,-13.37"
"109865.00 ,450 ,-12.41"
"109967.00 ,450 ,-12.41"
"110068.00 ,449 ,-12.94"
"110170.00 ,449 ,-12.39"
"110271.00 ,449 ,-12.83"
"110372.00 ,448 ,-12.80"
"110474.00 ,448 ,-13.22"
"110575.00 ,448 ,-12.94"
"110676.00 ,447 ,-13.41"
"110778.00 ,447 ,-13.66"
"110879.00 ,447 ,-13.27"
"110981.00 ,447 ,-12.92"
"111082.00 ,446 ,-13.20"
"111183.00 ,446 ,-13.37"
"111285.00 ,446 ,-13.03"
"111386.00 ,445 ,-12.92"
"111488.00 ,445 ,-12.72"
"111589.00 ,445 ,-11.03"
"111689.00 ,444 ,-12.54"
"111791.00 ,444 ,-12.50"
"111892.00 ,444 ,-12.94"
"111993.00 ,444 ,-13.17"
"112095.00 ,443 ,-13.54"
"112196.00 ,443 ,-12.39"
"112297.00 ,443 ,-12.94"
"112399.00 ,442 ,-13.06"
"112500.00 ,442 ,-14.00"
"112602.00 ,442 ,-12.94"
"112703.00 ,441 ,-12.52"
"112804.00 ,441 ,-12.52"
"112906.00 ,441 ,-12.41"
"113007.00 ,440 ,-12.83"
"113108.00 ,440 ,-13.06"
"113210.00 ,440 ,-12.94"
"113311.00 ,440 ,-13.39"
"113413.00 ,439 ,-12.39"
"113514.00 ,439 ,-11.91"
"113615.00 ,439 ,-11.81"
"113716.00 ,438 ,-13.17"
"113817.00 ,438 ,-12.94"
"113918.00 ,438 ,-11.44"
"114020.00 ,437 ,-11.79"
"114121.00 ,437 ,-13.06"
"114223.00 ,437 ,-12.83"
"114324.00 ,437 ,-12.39"
"114425.00 ,436 ,-12.52"
"114527.00 ,436 ,-12.29"
"114628.00 ,436 ,-12.39"
"114729.00 ,435 ,-12.67"
"114831.00 ,435 ,-11.91"
"114932.00 ,435 ,-12.33"
"115034.00 ,434 ,-12.41"
"115135.00 ,434 ,-11.13"
"115236.00 ,434 ,-12.39"
"115338.00 ,433 ,-12.39"
"115439.00 ,433 ,-12.41"
"115540.00 ,433 ,-12.72"
"115642.00 ,433 ,-12.52"
"115743.00 ,432 ,-12.63"
"115845.00 ,432 ,-12.39"
"115945.00 ,432 ,-12.27"
"116046.00 ,431 ,-12.27"
"116148.00 ,431 ,-11.99"
"116249.00 ,431 ,-11.91"
"116350.00 ,430 ,-12.03"
"116452.00 ,430 ,-11.91"
"116553.00 ,430 ,-12.41"
"116655.00 ,430 ,-11.91"
"116756.00 ,429 ,-11.91"
"116857.00 ,429 ,-13.41"
"116959.00 ,429 ,-11.55"
"117060.00 ,428 ,-11.10"
"117161.00 ,428 ,-10.19"
"117263.00 ,428 ,-12.39"
"117364.00 ,427 ,-12.63"
"117466.00 ,427 ,-11.05"
"117567.00 ,427 ,-11.91"
"117668.00 ,426 ,-11.34"
"117770.00 ,426 ,-12.50"
"117871.00 ,426 ,-12.39"
"117972.00 ,426 ,-12.83"
"118074.00 ,425 ,-11.53"
"118175.00 ,425 ,-11.46"
"118276.00 ,425 ,-11.03"
"118377.00 ,424 ,-12.01"
"118478.00 ,424 ,-11.93"
"118580.00 ,424 ,-11.63"
"118681.00 ,423 ,-11.37"
"118782.00 ,423 ,-11.29"
"118884.00 ,423 ,-11.34"
"118985.00 ,423 ,-11.53"
"119087.00 ,422 ,-11.89"
"119188.00 ,422 ,-11.29"
"119289.00 ,422 ,-11.79"
"119391.00 ,421 ,-11.66"
"119492.00 ,421 ,-12.39"
"119593.00 ,421 ,-11.91"
"119695.00 ,420 ,-10.82"
"119796.00 ,420 ,-10.77"
"119898.00 ,420 ,-11.53"
"119999.00 ,420 ,-11.81"
"120100.00 ,419 ,-11.89"
"120202.00 ,419 ,-11.13"
"120303.00 ,419 ,-11.57"
"120403.00 ,418 ,-11.91"
"120505.00 ,418 ,-11.91"
"120606.00 ,418 ,-12.21"
"120708.00 ,417 ,-11.52"
"120809.00 ,417 ,-10.61"
"120910.00 ,417 ,-11.89"
"121012.00 ,416 ,-11.55"
"121113.00 ,416 ,-11.99"
"121214.00 ,416 ,-12.39"
"121316.00 ,416 ,-11.79"
"121417.00 ,415 ,-11.55"
"121519.00 ,415 ,-10.82"
"121620.00 ,415 ,-13.08"
"121721.00 ,414 ,-11.36"
"121823.00 ,414 ,-11.01"
"121924.00 ,414 ,-11.36"
"122025.00 ,413 ,-11.20"
"122127.00 ,413 ,-10.92"
"122228.00 ,413 ,-11.44"
"122330.00 ,413 ,-11.93"
"122431.00 ,412 ,-11.25"
"122531.00 ,412 ,-12.50"
"122633.00 ,412 ,-10.49"
"122734.00 ,411 ,-11.79"
"122835.00 ,411 ,-11.36"
"122937.00 ,411 ,-12.67"
"123038.00 ,410 ,-11.03"
"123140.00 ,410 ,-11.29"
"123241.00 ,410 ,-11.36"
"123342.00 ,409 ,-10.96"
"123444.00 ,409 ,-10.26"
"123545.00 ,409 ,-10.63"
"123646.00 ,409 ,-11.91"
"123748.00 ,408 ,-11.44"
"123849.00 ,408 ,-10.27"
"123951.00 ,408 ,-11.01"
"124052.00 ,407 ,-10.63"
"124153.00 ,407 ,-10.27"
"124255.00 ,407 ,-11.01"
"124356.00 ,406 ,-11.34"
"124457.00 ,406 ,-10.27"
"124558.00 ,406 ,-11.01"
"124659.00 ,406 ,-11.11"
"124761.00 ,405 ,-11.10"
"124862.00 ,405 ,-10.27"
"124963.00 ,405 ,-10.93"
"125065.00 ,404 ,-11.03"
"125166.00 ,404 ,-9.99"
"125267.00 ,404 ,-11.44"
"125369.00 ,403 ,-10.48"
"125470.00 ,403 ,-11.36"
"125572.00 ,403 ,-10.92"
"125673.00 ,402 ,-11.78"
"125774.00 ,402 ,-10.92"
"125876.00 ,402 ,-10.63"
"125977.00 ,402 ,-11.05"
"126078.00 ,401 ,-11.01"
"126180.00 ,401 ,-10.60"
"126281.00 ,401 ,-11.00"
"126383.00 ,400 ,-11.76"
"126484.00 ,400 ,-10.16"
"126584.00 ,400 ,-11.34"
"126686.00 ,399 ,-11.00"
"126787.00 ,399 ,-10.26"
"126888.00 ,399 ,-9.60"
"126990.00 ,399 ,-11.13"
"127091.00 ,398 ,-10.27"
"127193.00 ,398 ,-10.82"
"127294.00 ,398 ,-10.03"
"127395.00 ,397 ,-11.11"
"127497.00 ,397 ,-10.26"
"127598.00 ,397 ,-9.61"
"127699.00 ,396 ,-10.45"
"127801.00 ,396 ,-9.92"
"127902.00 ,396 ,-10.63"
"128004.00 ,395 ,-9.99"
"128105.00 ,395 ,-11.55"
"128206.00 ,395 ,-10.02"
"128307.00 ,395 ,-10.17"
"128408.00 ,394 ,-10.61"
"128509.00 ,394 ,-9.61"
"128611.00 ,394 ,-9.77"
"128712.00 ,393 ,-10.48"
"128814.00 ,393 ,-10.63"
"128915.00 ,393 ,-10.48"
"129016.00 ,392 ,-10.54"
"129118.00 ,392 ,-10.26"
"129219.00 ,392 ,-10.26"
"129320.00 ,392 ,-11.34"
"129422.00 ,391 ,-10.37"
"129523.00 ,391 ,-10.12"
"129625.00 ,391 ,-9.77"
"129726.00 ,390 ,-10.63"
"129827.00 ,390 ,-9.52"
"129929.00 ,390 ,-11.03"
"130029.00 ,389 ,-9.61"
"130130.00 ,389 ,-9.74"
"130232.00 ,389 ,-10.63"
"130333.00 ,389 ,-10.55"
"130435.00 ,388 ,-10.55"
"130536.00 ,388 ,-9.59"
"130637.00 ,388 ,-10.27"
"130739.00 ,387 ,-9.92"
"130840.00 ,387 ,-10.63"
"130941.00 ,387 ,-9.90"
"131043.00 ,386 ,-9.92"
"131144.00 ,386 ,-9.91"
"131246.00 ,386 ,-10.63"
"131346.00 ,385 ,-9.61"
"131447.00 ,385 ,-10.26"
"131549.00 ,385 ,-10.09"
"131650.00 ,385 ,-10.27"
"131751.00 ,384 ,-9.92"
"131853.00 ,384 ,-9.26"
"131954.00 ,384 ,-10.76"
"132056.00 ,383 ,-9.90"
"132157.00 ,383 ,-10.61"
"132258.00 ,383 ,-9.66"
"132360.00 ,382 ,-10.39"
"132460.00 ,382 ,-9.59"
"132561.00 ,382 ,-10.61"
"132663.00 ,382 ,-9.51"
"132764.00 ,381 ,-9.92"
"132866.00 ,381 ,-9.29"
"132967.00 ,381 ,-10.27"
"133068.00 ,380 ,-9.29"
"133170.00 ,380 ,-9.71"
"133271.00 ,380 ,-9.35"
"133372.00 ,379 ,-9.92"
"133473.00 ,379 ,-9.60"
"133574.00 ,379 ,-9.60"
"133676.00 ,378 ,-9.60"
"133777.00 ,378 ,-9.31"
"133878.00 ,378 ,-9.44"
"133980.00 ,378 ,-8.75"
"134081.00 ,377 ,-9.94"
"134182.00 ,377 ,-8.69"
"134283.00 ,377 ,-9.60"
"134384.00 ,376 ,-9.31"
"134486.00 ,376 ,-10.92"
"134587.00 ,376 ,-8.51"
"134688.00 ,375 ,-10.63"
"134790.00 ,375 ,-8.84"
"134891.00 ,375 ,-9.68"
"134992.00 ,375 ,-9.02"
"135094.00 ,374 ,-9.02"
"135195.00 ,374 ,-8.52"
"135296.00 ,374 ,-9.31"
"135397.00 ,373 ,-8.50"
"135498.00 ,373 ,-9.73"
"135600.00 ,373 ,-10.10"
"135701.00 ,372 ,-9.92"
"135802.00 ,372 ,-9.29"
"135904.00 ,372 ,-9.31"
"136005.00 ,371 ,-9.92"
"136107.00 ,371 ,-9.02"
"136207.00 ,371 ,-10.01"
"136308.00 ,371 ,-9.29"
"136410.00 ,370 ,-8.51"
"136511.00 ,370 ,-9.60"
"136612.00 ,370 ,-8.75"
"136714.00 ,369 ,-8.75"
"136815.00 ,369 ,-8.51"
"136916.00 ,369 ,-9.60"
"137018.00 ,368 ,-8.82"
"137118.00 ,368 ,-9.02"
"137220.00 ,368 ,-8.75"
"137321.00 ,368 ,-8.75"
"137422.00 ,367 ,-9.25"
"137524.00 ,367 ,-9.10"
"137625.00 ,367 ,-8.75"
"137726.00 ,366 ,-9.02"
"137828.00 ,366 ,-9.02"
"137929.00 ,366 ,-9.02"
"138030.00 ,365 ,-9.20"
"138131.00 ,365 ,-8.81"
"138232.00 ,365 ,-9.16"
"138334.00 ,364 ,-9.17"
"138435.00 ,364 ,-8.26"
"138536.00 ,364 ,-9.00"
"138638.00 ,364 ,-8.25"
"138739.00 ,363 ,-9.28"
"138841.00 ,363 ,-8.25"
"138941.00 ,363 ,-9.00"
"139042.00 ,362 ,-9.01"
"139144.00 ,362 ,-8.74"
"139245.00 ,362 ,-8.28"
"139346.00 ,361 ,-9.02"
"139448.00 ,361 ,-8.27"
"139549.00 ,361 ,-9.02"
"139651.00 ,361 ,-8.96"
"139752.00 ,360 ,-9.01"
"139852.00 ,360 ,-8.99"
"139954.00 ,360 ,-8.37"
"140055.00 ,359 ,-9.18"
"140156.00 ,359 ,-8.76"
"140258.00 ,359 ,-8.51"
"140359.00 ,358 ,-7.64"
"140461.00 ,358 ,-7.83"
"140562.00 ,358 ,-9.92"
"140662.00 ,358 ,-8.28"
"140764.00 ,357 ,-8.76"
"140865.00 ,357 ,-8.79"
"140966.00 ,357 ,-8.28"
"141068.00 ,356 ,-9.08"
"141169.00 ,356 ,-8.76"
"141271.00 ,356 ,-8.28"
"141372.00 ,355 ,-9.52"
"141473.00 ,355 ,-8.51"
"141574.00 ,355 ,-9.31"
"141675.00 ,354 ,-8.27"
"141776.00 ,354 ,-8.37"
"141878.00 ,354 ,-8.27"
"141979.00 ,354 ,-8.75"
"142081.00 ,353 ,-8.05"
"142182.00 ,353 ,-8.05"
"142283.00 ,353 ,-8.65"
"142385.00 ,352 ,-9.39"
"142485.00 ,352 ,-9.09"
"142586.00 ,352 ,-8.27"
"142688.00 ,351 ,-8.51"
"142789.00 ,351 ,-8.75"
"142891.00 ,351 ,-8.05"
"142992.00 ,351 ,-9.03"
"143093.00 ,350 ,-8.70"
"143195.00 ,350 ,-8.27"
"143295.00 ,350 ,-7.83"
"143396.00 ,349 ,-8.44"
"143498.00 ,349 ,-8.75"
"143599.00 ,349 ,-8.12"
"143700.00 ,348 ,-8.06"
"143802.00 ,348 ,-8.27"
"143903.00 ,348 ,-7.83"
"144005.00 ,347 ,-8.27"
"144106.00 ,347 ,-8.16"
"144206.00 ,347 ,-7.73"
"144308.00 ,347 ,-8.05"
"144409.00 ,346 ,-7.75"
"144510.00 ,346 ,-7.96"
"144612.00 ,346 ,-7.49"
"144713.00 ,345 ,-8.05"
"144815.00 ,345 ,-8.04"
"144916.00 ,345 ,-9.02"
"145016.00 ,344 ,-9.61"
"145118.00 ,344 ,-7.83"
"145219.00 ,344 ,-8.04"
"145320.00 ,344 ,-8.27"
"145422.00 ,343 ,-8.78"
"145523.00 ,343 ,-8.49"
"145625.00 ,343 ,-8.03"
"145726.00 ,342 ,-8.24"
"145827.00 ,342 ,-8.03"
"145928.00 ,342 ,-7.25"
"146029.00 ,341 ,-8.26"
"146130.00 ,341 ,-7.61"
"146232.00 ,341 ,-7.82"
"146333.00 ,341 ,-7.43"
"146435.00 ,340 ,-8.00"
"146536.00 ,340 ,-6.92"
"146637.00 ,340 ,-7.99"
"146738.00 ,339 ,-7.83"
"146839.00 ,339 ,-8.04"
"146940.00 ,339 ,-8.06"
"147042.00 ,338 ,-7.17"
"147143.00 ,338 ,-7.83"
"147245.00 ,338 ,-8.05"
"147346.00 ,337 ,-7.96"
"147447.00 ,337 ,-8.26"
"147549.00 ,337 ,-7.64"
"147649.00 ,337 ,-7.26"
"147750.00 ,336 ,-7.26"
"147852.00 ,336 ,-7.44"
"147953.00 ,336 ,-8.05"
"148055.00 ,335 ,-7.50"
"148156.00 ,335 ,-7.63"
"148257.00 ,335 ,-7.44"
"148359.00 ,334 ,-7.04"
"148459.00 ,334 ,-7.26"
"148560.00 ,334 ,-6.47"
"148662.00 ,334 ,-8.06"
"148763.00 ,333 ,-7.99"
"148865.00 ,333 ,-7.83"
"148966.00 ,333 ,-7.44"
"149067.00 ,332 ,-6.61"
"149169.00 ,332 ,-6.92"
"149270.00 ,332 ,-7.63"
"149370.00 ,331 ,-6.92"
"149472.00 ,331 ,-7.27"
"149573.00 ,331 ,-7.63"
"149675.00 ,330 ,-7.26"
"149776.00 ,330 ,-7.83"
"149877.00 ,330 ,-7.26"
"149979.00 ,330 ,-7.09"
"150080.00 ,329 ,-7.64"
"150180.00 ,329 ,-6.76"
"150282.00 ,329 ,-7.44"
"150383.00 ,328 ,-6.92"
"150484.00 ,328 ,-7.44"
"150586.00 ,328 ,-7.09"
"150687.00 ,327 ,-6.62"
"150789.00 ,327 ,-7.63"
"150890.00 ,327 ,-7.44"
"150991.00 ,327 ,-7.63"
"151092.00 ,326 ,-6.92"
"151193.00 ,326 ,-6.92"
"151294.00 ,326 ,-7.08"
"151396.00 ,325 ,-6.92"
"151497.00 ,325 ,-7.26"
"151599.00 ,325 ,-6.47"
"151700.00 ,324 ,-6.47"
"151801.00 ,324 ,-7.27"
"151903.00 ,324 ,-6.76"
"152003.00 ,323 ,-7.44"
"152104.00 ,323 ,-6.61"
"152206.00 ,323 ,-6.33"
"152307.00 ,323 ,-7.26"
"152409.00 ,322 ,-6.62"
"152510.00 ,322 ,-6.47"
"152611.00 ,322 ,-6.92"
"152713.00 ,321 ,-6.33"
"152814.00 ,321 ,-6.77"
"152914.00 ,321 ,-6.92"
"153016.00 ,320 ,-6.77"
"153117.00 ,320 ,-6.77"
"153219.00 ,320 ,-7.26"
"153320.00 ,320 ,-6.47"
"153421.00 ,319 ,-6.77"
"153523.00 ,319 ,-6.47"
"153624.00 ,319 ,-6.77"
"153724.00 ,318 ,-6.75"
"153826.00 ,318 ,-6.46"
"153927.00 ,318 ,-6.75"
"154029.00 ,317 ,-6.46"
"154130.00 ,317 ,-6.60"
"154231.00 ,317 ,-6.60"
"154333.00 ,317 ,-6.60"
"154434.00 ,316 ,-6.60"
"154535.00 ,316 ,-6.46"
"154636.00 ,316 ,-6.46"
"154737.00 ,315 ,-6.07"
"154839.00 ,315 ,-6.92"
"154940.00 ,315 ,-5.95"
"155041.00 ,314 ,-6.20"
"155143.00 ,314 ,-5.95"
"155244.00 ,314 ,-5.95"
"155345.00 ,313 ,-6.62"
"155446.00 ,313 ,-6.07"
"155547.00 ,313 ,-5.84"
"155649.00 ,313 ,-6.20"
"155750.00 ,312 ,-7.08"
"155851.00 ,312 ,-6.07"
"155953.00 ,312 ,-6.47"
"156054.00 ,311 ,-6.20"
"156155.00 ,311 ,-6.20"
"156256.00 ,311 ,-6.33"
"156357.00 ,310 ,-6.48"
"156459.00 ,310 ,-6.20"
"156560.00 ,310 ,-6.33"
"156661.00 ,310 ,-6.92"
"156763.00 ,309 ,-6.62"
"156864.00 ,309 ,-6.20"
"156965.00 ,309 ,-5.84"
"157067.00 ,308 ,-5.73"
"157167.00 ,308 ,-5.95"
"157268.00 ,308 ,-6.07"
"157370.00 ,307 ,-5.84"
"157471.00 ,307 ,-6.47"
"157573.00 ,307 ,-6.08"
"157674.00 ,306 ,-5.95"
"157775.00 ,306 ,-6.20"
"157877.00 ,306 ,-5.84"
"157978.00 ,306 ,-6.20"
"158078.00 ,305 ,-6.20"
"158180.00 ,305 ,-6.34"
"158281.00 ,305 ,-5.95"
"158383.00 ,304 ,-6.08"
"158484.00 ,304 ,-6.20"
"158585.00 ,304 ,-5.95"
"158687.00 ,303 ,-5.73"
"158788.00 ,303 ,-5.95"
"158888.00 ,303 ,-5.95"
"158990.00 ,303 ,-6.08"
"159091.00 ,302 ,-6.07"
"159193.00 ,302 ,-5.72"
"159294.00 ,302 ,-5.84"
"159395.00 ,301 ,-6.47"
"159497.00 ,301 ,-5.84"
"159598.00 ,301 ,-6.07"
"159698.00 ,300 ,-5.28"
"159800.00 ,300 ,-5.84"
"159901.00 ,300 ,-5.84"
"160003.00 ,299 ,-5.95"
"160104.00 ,299 ,-5.84"
"160205.00 ,299 ,-5.62"
"160307.00 ,299 ,-5.95"
"160408.00 ,298 ,-5.51"
"160509.00 ,298 ,-5.95"
"160610.00 ,298 ,-5.52"
"160711.00 ,297 ,-5.72"
"160813.00 ,297 ,-5.95"
"160914.00 ,297 ,-5.62"
"161015.00 ,296 ,-6.07"
"161117.00 ,296 ,-5.62"
"161218.00 ,296 ,-5.32"
"161319.00 ,296 ,-5.32"
"161420.00 ,295 ,-5.73"
"161521.00 ,295 ,-5.51"
"161623.00 ,295 ,-5.84"
"161724.00 ,294 ,-5.51"
"161825.00 ,294 ,-5.52"
"161927.00 ,294 ,-5.62"
"162028.00 ,293 ,-5.73"
"162129.00 ,293 ,-5.32"
"162231.00 ,293 ,-5.04"
"162331.00 ,293 ,-5.62"
"162433.00 ,292 ,-5.51"
"162534.00 ,292 ,-5.41"
"162635.00 ,292 ,-5.13"
"162737.00 ,291 ,-5.72"
"162838.00 ,291 ,-5.51"
"162939.00 ,291 ,-5.41"
"163041.00 ,290 ,-5.62"
"163142.00 ,290 ,-5.62"
"163243.00 ,290 ,-5.32"
"163344.00 ,289 ,-5.41"
"163445.00 ,289 ,-5.22"
"163547.00 ,289 ,-5.13"
"163648.00 ,289 ,-5.41"
"163749.00 ,288 ,-5.21"
"163851.00 ,288 ,-5.21"
"163952.00 ,288 ,-5.12"
"164054.00 ,287 ,-5.31"
"164154.00 ,287 ,-5.30"
"164255.00 ,287 ,-4.79"
"164357.00 ,286 ,-5.60"
"164458.00 ,286 ,-5.04"
"164559.00 ,286 ,-5.21"
"164661.00 ,286 ,-5.50"
"164762.00 ,285 ,-4.87"
"164864.00 ,285 ,-5.13"
"164964.00 ,285 ,-4.72"
"165065.00 ,284 ,-4.87"
"165167.00 ,284 ,-5.13"
"165268.00 ,284 ,-4.96"
"165369.00 ,283 ,-5.13"
"165471.00 ,283 ,-4.88"
"165572.00 ,283 ,-4.73"
"165673.00 ,282 ,-5.13"
"165774.00 ,282 ,-4.88"
"165875.00 ,282 ,-5.04"
"165977.00 ,282 ,-5.22"
"166078.00 ,281 ,-4.88"
"166179.00 ,281 ,-4.96"
"166281.00 ,281 ,-4.58"
"166382.00 ,280 ,-4.88"
"166483.00 ,280 ,-4.73"
"166585.00 ,280 ,-4.44"
"166685.00 ,279 ,-4.96"
"166787.00 ,279 ,-4.72"
"166888.00 ,279 ,-4.96"
"166989.00 ,279 ,-4.80"
"167091.00 ,278 ,-4.73"
"167192.00 ,278 ,-4.96"
"167293.00 ,278 ,-4.96"
"167395.00 ,277 ,-4.88"
"167495.00 ,277 ,-4.88"
"167597.00 ,277 ,-5.88"
"167698.00 ,276 ,-4.96"
"167799.00 ,276 ,-4.88"
"167901.00 ,276 ,-4.58"
"168002.00 ,275 ,-5.05"
"168103.00 ,275 ,-4.44"
"168205.00 ,275 ,-4.44"
"168306.00 ,275 ,-4.73"
"168407.00 ,274 ,-4.10"
"168508.00 ,274 ,-4.80"
"168609.00 ,274 ,-4.19"
"168711.00 ,273 ,-4.80"
"168812.00 ,273 ,-4.80"
"168913.00 ,273 ,-4.32"
"169015.00 ,272 ,-4.44"
"169116.00 ,272 ,-4.51"
"169217.00 ,272 ,-4.38"
"169318.00 ,272 ,-4.19"
"169419.00 ,271 ,-4.38"
"169521.00 ,271 ,-4.25"
"169622.00 ,271 ,-4.51"
"169723.00 ,270 ,-4.32"
"169825.00 ,270 ,-4.31"
"169926.00 ,270 ,-4.44"
"170028.00 ,269 ,-4.19"
"170128.00 ,269 ,-4.25"
"170229.00 ,269 ,-4.08"
"170331.00 ,269 ,-4.02"
"170432.00 ,268 ,-4.31"
"170533.00 ,268 ,-4.19"
"170635.00 ,268 ,-4.51"
"170736.00 ,267 ,-4.73"
"170838.00 ,267 ,-4.14"
"170938.00 ,267 ,-4.38"
"171039.00 ,266 ,-4.13"
"171141.00 ,266 ,-4.02"
"171242.00 ,266 ,-4.02"
"171343.00 ,265 ,-4.13"
"171445.00 ,265 ,-4.14"
"171546.00 ,265 ,-4.25"
"171648.00 ,265 ,-3.97"
"171748.00 ,264 ,-4.19"
"171849.00 ,264 ,-3.97"
"171951.00 ,264 ,-4.08"
"172052.00 ,263 ,-3.97"
"172153.00 ,263 ,-3.67"
"172255.00 ,263 ,-3.72"
"172356.00 ,262 ,-4.19"
"172457.00 ,262 ,-3.87"
"172559.00 ,262 ,-3.87"
"172659.00 ,262 ,-3.77"
"172761.00 ,261 ,-3.97"
"172862.00 ,261 ,-3.97"
"172963.00 ,261 ,-3.97"
"173065.00 ,260 ,-3.54"
"173166.00 ,260 ,-3.46"
"173267.00 ,260 ,-3.59"
"173369.00 ,259 ,-3.82"
"173469.00 ,259 ,-3.92"
"173571.00 ,259 ,-3.63"
"173672.00 ,258 ,-3.50"
"173773.00 ,258 ,-3.82"
"173875.00 ,258 ,-3.82"
"173976.00 ,258 ,-3.54"
"174077.00 ,257 ,-3.46"
"174179.00 ,257 ,-3.63"
"174279.00 ,257 ,-3.50"
"174381.00 ,256 ,-3.59"
"174482.00 ,256 ,-3.34"
"174583.00 ,256 ,-3.46"
"174685.00 ,255 ,-3.67"
"174786.00 ,255 ,-3.50"
"174887.00 ,255 ,-3.59"
"174989.00 ,255 ,-3.59"
"175090.00 ,254 ,-3.50"
"175191.00 ,254 ,-3.46"
"175292.00 ,254 ,-3.34"
"175393.00 ,253 ,-3.34"
"175495.00 ,253 ,-3.50"
"175596.00 ,253 ,-3.50"
"175697.00 ,252 ,-3.54"
"175799.00 ,252 ,-3.31"
"175900.00 ,252 ,-3.54"
"176001.00 ,251 ,-3.46"
"176102.00 ,251 ,-3.38"
"176203.00 ,251 ,-3.34"
"176305.00 ,251 ,-3.38"
"176406.00 ,250 ,-3.10"
"176507.00 ,250 ,-3.31"
"176609.00 ,250 ,-3.20"
"176710.00 ,249 ,-3.27"
"176811.00 ,249 ,-3.27"
"176912.00 ,249 ,-3.10"
"177013.00 ,248 ,-3.31"
"177115.00 ,248 ,-3.31"
"177216.00 ,248 ,-3.07"
"177317.00 ,248 ,-3.24"
"177419.00 ,247 ,-3.20"
"177520.00 ,247 ,-3.27"
"177622.00 ,247 ,-3.13"
"177722.00 ,246 ,-3.24"
"177823.00 ,246 ,-3.17"
"177925.00 ,246 ,-3.01"
"178026.00 ,245 ,-3.01"
"178127.00 ,245 ,-3.04"
"178229.00 ,245 ,-2.91"
"178330.00 ,245 ,-2.91"
"178432.00 ,244 ,-3.06"
"178532.00 ,244 ,-3.06"
"178633.00 ,244 ,-3.00"
"178735.00 ,243 ,-2.88"
"178836.00 ,243 ,-3.00"
"178937.00 ,243 ,-2.97"
"179039.00 ,242 ,-2.88"
"179140.00 ,242 ,-2.78"
"179241.00 ,242 ,-2.86"
"179342.00 ,241 ,-2.65"
"179443.00 ,241 ,-2.80"
"179545.00 ,241 ,-2.70"
"179646.00 ,241 ,-2.75"
"179747.00 ,240 ,-2.68"
"179849.00 ,240 ,-2.70"
"179950.00 ,240 ,-2.75"
"180051.00 ,239 ,-2.94"
"180152.00 ,239 ,-2.68"
"180253.00 ,239 ,-2.68"
"180355.00 ,238 ,-2.91"
"180456.00 ,238 ,-2.63"
"180557.00 ,238 ,-2.50"
"180659.00 ,238 ,-2.54"
"180760.00 ,237 ,-2.56"
"180861.00 ,237 ,-2.61"
"180962.00 ,237 ,-2.81"
"181063.00 ,236 ,-2.66"
"181165.00 ,236 ,-2.52"
"181266.00 ,236 ,-2.52"
"181367.00 ,235 ,-2.46"
"181469.00 ,235 ,-2.54"
"181570.00 ,235 ,-2.44"
"181671.00 ,234 ,-2.33"
"181772.00 ,234 ,-2.46"
"181873.00 ,234 ,-2.54"
"181975.00 ,234 ,-2.57"
"182076.00 ,233 ,-2.40"
"182177.00 ,233 ,-2.44"
"182279.00 ,233 ,-2.33"
"182380.00 ,232 ,-2.46"
"182481.00 ,232 ,-2.40"
"182582.00 ,232 ,-2.54"
"182683.00 ,231 ,-2.42"
"182785.00 ,231 ,-2.42"
"182886.00 ,231 ,-2.38"
"182987.00 ,231 ,-2.38"
"183089.00 ,230 ,-2.33"
"183190.00 ,230 ,-2.29"
"183291.00 ,230 ,-2.38"
"183393.00 ,229 ,-2.34"
"183493.00 ,229 ,-2.38"
"183595.00 ,229 ,-2.24"
"183696.00 ,228 ,-2.34"
"183797.00 ,228 ,-1.98"
"183899.00 ,228 ,-2.20"
"184000.00 ,228 ,-2.19"
"184101.00 ,227 ,-2.22"
"184203.00 ,227 ,-2.16"
"184303.00 ,227 ,-2.16"
"184404.00 ,226 ,-2.19"
"184506.00 ,226 ,-2.02"
"184607.00 ,226 ,-2.00"
"184709.00 ,225 ,-2.01"
"184810.00 ,225 ,-1.96"
"184911.00 ,225 ,-2.11"
"185013.00 ,224 ,-1.95"
"185113.00 ,224 ,-1.92"
"185214.00 ,224 ,-1.97"
"185316.00 ,224 ,-1.98"
"185417.00 ,223 ,-1.93"
"185519.00 ,223 ,-1.72"
"185620.00 ,223 ,-2.05"
"185721.00 ,222 ,-1.92"
"185823.00 ,222 ,-2.00"
"185923.00 ,222 ,-2.04"
"186024.00 ,221 ,-1.80"
"186126.00 ,221 ,-2.38"
"186227.00 ,221 ,-1.88"
"186329.00 ,221 ,-1.88"
"186430.00 ,220 ,-1.73"
"186531.00 ,220 ,-1.71"
"186633.00 ,220 ,-1.85"
"186733.00 ,219 ,-1.67"
"186834.00 ,219 ,-1.66"
"186936.00 ,219 ,-1.72"
"187037.00 ,218 ,-1.81"
"187139.00 ,218 ,-1.72"
"187240.00 ,218 ,-1.80"
"187341.00 ,217 ,-1.68"
"187442.00 ,217 ,-1.60"
"187543.00 ,217 ,-1.67"
"187644.00 ,217 ,-1.56"
"187746.00 ,216 ,-1.72"
"187847.00 ,216 ,-1.64"
"187949.00 ,216 ,-1.48"
"188050.00 ,215 ,-1.59"
"188151.00 ,215 ,-1.52"
"188252.00 ,215 ,-1.53"
"188353.00 ,214 ,-1.50"
"188454.00 ,214 ,-1.47"
"188556.00 ,214 ,-1.40"
"188657.00 ,214 ,-1.44"
"188759.00 ,213 ,-1.38"
"188860.00 ,213 ,-1.42"
"188961.00 ,213 ,-1.35"
"189062.00 ,212 ,-1.22"
"189163.00 ,212 ,-1.36"
"189264.00 ,212 ,-1.29"
"189366.00 ,211 ,-1.33"
"189467.00 ,211 ,-1.30"
"189569.00 ,211 ,-1.30"
"189670.00 ,210 ,-1.34"
"189771.00 ,210 ,-1.16"
"189873.00 ,210 ,-1.27"
"189973.00 ,210 ,-1.42"
"190074.00 ,209 ,-1.26"
"190176.00 ,209 ,-1.20"
"190277.00 ,209 ,-1.14"
"190379.00 ,208 ,-1.19"
"190480.00 ,208 ,-1.19"
"190581.00 ,208 ,-1.07"
"190683.00 ,207 ,-1.22"
"190783.00 ,207 ,-1.13"
"190884.00 ,207 ,-1.03"
"190986.00 ,207 ,-1.14"
"191087.00 ,206 ,-1.10"
"191188.00 ,206 ,-1.07"
"191290.00 ,206 ,-1.09"
"191391.00 ,205 ,-1.10"
"191493.00 ,205 ,-1.01"
"191593.00 ,205 ,-0.92"
"191694.00 ,204 ,-0.98"
"191796.00 ,204 ,-0.92"
"191897.00 ,204 ,-1.00"
"191998.00 ,204 ,-0.86"
"192100.00 ,203 ,-0.87"
"192201.00 ,203 ,-0.89"
"192302.00 ,203 ,-0.84"
"192403.00 ,202 ,-0.89"
"192504.00 ,202 ,-0.89"
"192606.00 ,202 ,-0.77"
"192707.00 ,201 ,-0.81"
"192808.00 ,201 ,-0.73"
"192910.00 ,201 ,-0.76"
"193011.00 ,200 ,-0.83"
"193112.00 ,200 ,-0.75"
"193213.00 ,200 ,-0.72"
"193314.00 ,200 ,-0.68"
"193416.00 ,199 ,-0.69"
"193517.00 ,199 ,-0.63"
"193618.00 ,199 ,-0.67"
"193720.00 ,198 ,-0.64"
"193821.00 ,198 ,-0.63"
"193922.00 ,198 ,-0.65"
"194023.00 ,197 ,-0.59"
"194124.00 ,197 ,-0.52"
"194226.00 ,197 ,-0.59"
"194327.00 ,197 ,-0.56"
"194428.00 ,196 ,-0.51"
"194530.00 ,196 ,-0.51"
"194631.00 ,196 ,-0.46"
"194732.00 ,195 ,-0.46"
"194833.00 ,195 ,-0.43"
"194934.00 ,195 ,-0.41"
"195036.00 ,194 ,-0.42"
"195137.00 ,194 ,-0.35"
"195238.00 ,194 ,-0.37"
"195340.00 ,193 ,-0.33"
"195441.00 ,193 ,-0.34"
"195542.00 ,193 ,-0.31"
"195643.00 ,193 ,-0.31"
"195744.00 ,192 ,-0.31"
"195846.00 ,192 ,-0.28"
"195947.00 ,192 ,-0.21"
"196048.00 ,191 ,-0.24"
"196150.00 ,191 ,-0.24"
"196250.00 ,191 ,-0.15"
"196352.00 ,190 ,-0.15"
"196453.00 ,190 ,-0.15"
"196554.00 ,190 ,-0.15"
"196656.00 ,190 ,-0.15"
"196757.00 ,189 ,-0.15"
"196858.00 ,189 ,-0.08"
"196960.00 ,189 ,-0.08"
"197060.00 ,188 ,-0.08"
"197161.00 ,188 ,-0.08"
"197263.00 ,188 ,-0.08"
