21540.00 ,723 ,18.04
21642.00 ,722 ,15.04
21743.00 ,721 ,15.48
21844.00 ,721 ,14.33
21946.00 ,720 ,16.31
22047.00 ,719 ,14.86
22149.00 ,719 ,16.53
22250.00 ,718 ,15.48
22350.00 ,717 ,14.86
22452.00 ,716 ,16.28
22553.00 ,716 ,15.82
22654.00 ,715 ,16.72
22756.00 ,714 ,15.82
22857.00 ,714 ,16.50
22959.00 ,713 ,14.86
23060.00 ,712 ,15.65
23161.00 ,712 ,15.48
23263.00 ,711 ,15.89
23364.00 ,710 ,15.65
23464.00 ,710 ,16.53
23566.00 ,709 ,15.01
23667.00 ,708 ,14.71
23769.00 ,708 ,14.31
23870.00 ,707 ,16.28
23971.00 ,706 ,16.50
24073.00 ,706 ,16.50
24174.00 ,705 ,15.45
24275.00 ,704 ,15.45
24376.00 ,704 ,15.07
24477.00 ,703 ,16.53
24579.00 ,702 ,15.85
24680.00 ,702 ,14.86
24781.00 ,701 ,17.23
24883.00 ,700 ,16.10
24984.00 ,700 ,15.04
25085.00 ,699 ,14.86
25187.00 ,698 ,16.28
25288.00 ,698 ,17.48
25389.00 ,697 ,15.85
25490.00 ,696 ,17.07
25591.00 ,696 ,15.48
25693.00 ,695 ,16.28
25794.00 ,694 ,16.53
25895.00 ,694 ,15.65
25997.00 ,693 ,15.72
26098.00 ,692 ,15.65
26200.00 ,692 ,16.28
26301.00 ,691 ,14.89
26401.00 ,690 ,15.65
26503.00 ,689 ,15.65
26604.00 ,689 ,15.85
26705.00 ,688 ,16.28
26807.00 ,687 ,15.07
26908.00 ,687 ,16.53
27010.00 ,686 ,13.51
27111.00 ,685 ,14.89
27212.00 ,685 ,16.76
27314.00 ,684 ,15.07
27414.00 ,683 ,15.65
27515.00 ,683 ,15.48
27617.00 ,682 ,14.65
27718.00 ,681 ,15.82
27820.00 ,681 ,15.62
27921.00 ,680 ,14.83
28022.00 ,679 ,16.50
28124.00 ,679 ,14.50
28225.00 ,678 ,14.86
28326.00 ,677 ,16.50
28427.00 ,677 ,15.32
28528.00 ,676 ,14.31
28630.00 ,675 ,15.85
28731.00 ,675 ,14.86
28832.00 ,674 ,15.85
28934.00 ,673 ,16.13
29035.00 ,673 ,14.86
29136.00 ,672 ,16.31
29238.00 ,671 ,15.42
29339.00 ,671 ,16.72
29440.00 ,670 ,15.65
29541.00 ,669 ,15.45
29642.00 ,669 ,16.28
29744.00 ,668 ,15.99
29845.00 ,667 ,16.53
29946.00 ,667 ,14.03
30048.00 ,666 ,14.86
30149.00 ,665 ,14.86
30251.00 ,664 ,15.01
30352.00 ,664 ,17.31
30452.00 ,663 ,15.65
30554.00 ,662 ,16.28
30655.00 ,662 ,14.33
30756.00 ,661 ,16.53
30858.00 ,660 ,14.86
30959.00 ,660 ,14.86
31060.00 ,659 ,16.53
31162.00 ,658 ,16.06
31263.00 ,658 ,16.50
31365.00 ,657 ,14.17
31465.00 ,656 ,15.04
31566.00 ,656 ,15.01
31668.00 ,655 ,15.62
31769.00 ,654 ,16.46
31870.00 ,654 ,15.45
31972.00 ,653 ,15.85
32073.00 ,652 ,14.86
32175.00 ,652 ,14.86
32276.00 ,651 ,16.72
32377.00 ,650 ,15.04
32478.00 ,650 ,15.45
32579.00 ,649 ,15.23
32680.00 ,648 ,15.85
32782.00 ,648 ,16.31
32883.00 ,647 ,14.50
32985.00 ,646 ,15.85
33086.00 ,646 ,15.65
33187.00 ,645 ,15.85
33289.00 ,644 ,14.92
33390.00 ,644 ,15.85
33490.00 ,643 ,16.31
33592.00 ,642 ,13.77
33693.00 ,642 ,16.31
33795.00 ,641 ,14.14
33896.00 ,640 ,15.26
33997.00 ,640 ,14.86
34099.00 ,639 ,15.85
34200.00 ,638 ,16.72
34301.00 ,637 ,15.48
34403.00 ,637 ,18.00
34503.00 ,636 ,17.48
34605.00 ,635 ,15.04
34706.00 ,635 ,16.31
34807.00 ,634 ,15.07
34909.00 ,633 ,17.48
35010.00 ,633 ,14.50
35111.00 ,632 ,15.82
35213.00 ,631 ,16.31
35314.00 ,631 ,15.42
35416.00 ,630 ,16.72
35516.00 ,629 ,15.45
35617.00 ,629 ,15.65
35719.00 ,628 ,14.31
35820.00 ,627 ,15.65
35921.00 ,627 ,16.28
36023.00 ,626 ,15.65
36124.00 ,625 ,16.35
36226.00 ,625 ,14.39
36327.00 ,624 ,17.27
36428.00 ,623 ,17.48
36529.00 ,623 ,15.48
36630.00 ,622 ,15.65
36731.00 ,621 ,15.85
36833.00 ,621 ,15.65
36934.00 ,620 ,15.65
37036.00 ,619 ,15.04
37137.00 ,619 ,15.48
37238.00 ,618 ,15.45
37340.00 ,617 ,16.53
37441.00 ,617 ,15.01
37541.00 ,616 ,14.89
37643.00 ,615 ,16.31
37744.00 ,615 ,15.26
37846.00 ,614 ,15.26
37947.00 ,613 ,13.15
38048.00 ,613 ,15.16
38150.00 ,612 ,15.55
38251.00 ,611 ,15.65
38352.00 ,610 ,16.31
38454.00 ,610 ,15.48
38554.00 ,609 ,14.89
38656.00 ,608 ,14.89
38757.00 ,608 ,16.53
38858.00 ,607 ,15.68
38960.00 ,606 ,14.31
39061.00 ,606 ,14.86
39162.00 ,605 ,15.23
39264.00 ,604 ,15.04
39365.00 ,604 ,16.50
39467.00 ,603 ,16.50
39567.00 ,602 ,14.98
39668.00 ,602 ,15.45
39770.00 ,601 ,15.45
39871.00 ,600 ,16.57
39972.00 ,600 ,14.83
40074.00 ,599 ,15.85
40175.00 ,598 ,16.50
40276.00 ,598 ,15.65
40378.00 ,597 ,15.01
40479.00 ,596 ,14.71
40580.00 ,596 ,16.53
40681.00 ,595 ,15.04
40782.00 ,594 ,15.68
40884.00 ,594 ,17.52
40985.00 ,593 ,14.92
41086.00 ,592 ,16.76
41188.00 ,592 ,14.33
41289.00 ,591 ,16.50
41391.00 ,590 ,16.31
41492.00 ,590 ,14.74
41592.00 ,589 ,15.85
41694.00 ,588 ,14.86
41795.00 ,588 ,16.17
41896.00 ,587 ,16.35
41998.00 ,586 ,16.53
42099.00 ,586 ,16.53
42201.00 ,585 ,15.65
42302.00 ,584 ,14.89
42403.00 ,583 ,15.29
42505.00 ,583 ,14.89
42605.00 ,582 ,16.76
42706.00 ,581 ,15.85
42808.00 ,581 ,17.27
42909.00 ,580 ,14.59
43011.00 ,579 ,15.01
43112.00 ,579 ,16.50
43213.00 ,578 ,14.89
43315.00 ,577 ,15.45
43416.00 ,577 ,14.83
43517.00 ,576 ,14.86
43618.00 ,575 ,15.85
43719.00 ,575 ,16.13
43821.00 ,574 ,17.52
43922.00 ,573 ,16.53
44023.00 ,573 ,16.76
44125.00 ,572 ,16.28
44226.00 ,571 ,15.65
44327.00 ,571 ,15.48
44429.00 ,570 ,15.45
44530.00 ,569 ,17.23
44631.00 ,569 ,16.53
44732.00 ,568 ,16.76
44833.00 ,567 ,15.82
44935.00 ,567 ,16.28
45036.00 ,566 ,14.86
45137.00 ,565 ,16.53
45239.00 ,565 ,16.31
45340.00 ,564 ,15.65
45442.00 ,563 ,14.89
45543.00 ,563 ,15.07
45644.00 ,562 ,16.35
45745.00 ,561 ,15.65
45846.00 ,561 ,16.53
45947.00 ,560 ,15.65
46049.00 ,559 ,15.85
46150.00 ,559 ,15.32
46252.00 ,558 ,13.79
46353.00 ,557 ,15.85
46454.00 ,556 ,15.85
46556.00 ,556 ,15.78
46657.00 ,555 ,15.82
46757.00 ,554 ,14.80
46859.00 ,554 ,17.19
46960.00 ,553 ,14.86
47062.00 ,552 ,14.83
47163.00 ,552 ,16.31
47264.00 ,551 ,14.98
47366.00 ,550 ,16.53
47467.00 ,550 ,15.07
47568.00 ,549 ,14.31
47670.00 ,548 ,14.86
47770.00 ,548 ,15.65
47872.00 ,547 ,17.48
47973.00 ,546 ,15.68
48074.00 ,546 ,15.65
48176.00 ,545 ,15.48
48277.00 ,544 ,15.45
48378.00 ,544 ,15.65
48480.00 ,543 ,16.72
48581.00 ,542 ,14.86
48681.00 ,542 ,14.89
48783.00 ,541 ,13.85
48884.00 ,540 ,15.07
48986.00 ,540 ,14.28
49087.00 ,539 ,15.01
49188.00 ,538 ,16.35
49290.00 ,538 ,15.07
49391.00 ,537 ,15.26
49492.00 ,536 ,14.14
49594.00 ,536 ,15.01
49694.00 ,535 ,17.27
49796.00 ,534 ,14.33
49897.00 ,534 ,16.31
49998.00 ,533 ,15.01
50100.00 ,532 ,13.90
50201.00 ,531 ,15.65
50302.00 ,531 ,14.89
50404.00 ,530 ,16.53
50505.00 ,529 ,16.35
50606.00 ,529 ,15.65
50707.00 ,528 ,16.95
50808.00 ,527 ,14.83
50910.00 ,527 ,15.62
51011.00 ,526 ,15.45
51112.00 ,525 ,15.23
51214.00 ,525 ,16.28
51315.00 ,524 ,15.07
51417.00 ,523 ,15.72
51518.00 ,523 ,13.51
51618.00 ,522 ,16.53
51720.00 ,521 ,16.50
51821.00 ,521 ,16.50
51922.00 ,520 ,16.35
52024.00 ,519 ,14.31
52125.00 ,519 ,15.65
52227.00 ,518 ,15.26
52328.00 ,517 ,15.99
52429.00 ,517 ,15.78
52531.00 ,516 ,15.48
52631.00 ,515 ,15.65
52732.00 ,515 ,15.65
52834.00 ,514 ,14.89
52935.00 ,513 ,16.31
53037.00 ,513 ,15.89
53138.00 ,512 ,15.65
53239.00 ,511 ,14.86
53341.00 ,511 ,15.16
53442.00 ,510 ,15.65
53543.00 ,509 ,16.06
53644.00 ,509 ,15.04
53745.00 ,508 ,16.50
53847.00 ,507 ,14.86
53948.00 ,507 ,14.86
54049.00 ,506 ,14.68
54151.00 ,505 ,14.33
54252.00 ,504 ,16.31
54353.00 ,504 ,16.53
54455.00 ,503 ,15.82
54556.00 ,502 ,14.86
54657.00 ,502 ,15.65
54758.00 ,501 ,14.28
54859.00 ,500 ,15.65
54961.00 ,500 ,16.95
55062.00 ,499 ,15.45
55163.00 ,498 ,14.50
55265.00 ,498 ,15.45
55366.00 ,497 ,15.01
55468.00 ,496 ,16.10
55568.00 ,496 ,15.65
55669.00 ,495 ,15.07
55771.00 ,494 ,14.28
55872.00 ,494 ,14.33
55973.00 ,493 ,14.17
56075.00 ,492 ,14.33
56176.00 ,492 ,14.28
56278.00 ,491 ,14.31
56379.00 ,490 ,15.48
56480.00 ,490 ,14.68
56582.00 ,489 ,15.07
56682.00 ,488 ,15.68
56783.00 ,488 ,15.65
56885.00 ,487 ,14.71
56986.00 ,486 ,14.50
57088.00 ,486 ,15.65
57189.00 ,485 ,15.65
57290.00 ,484 ,16.72
57392.00 ,484 ,13.64
57493.00 ,483 ,13.08
57594.00 ,482 ,14.33
57695.00 ,482 ,16.53
57796.00 ,481 ,15.04
57897.00 ,480 ,14.28
57999.00 ,480 ,14.33
58100.00 ,479 ,15.04
58202.00 ,478 ,16.31
58303.00 ,477 ,14.31
58404.00 ,477 ,14.14
58506.00 ,476 ,14.14
58607.00 ,475 ,15.42
58707.00 ,475 ,13.06
58809.00 ,474 ,14.00
58910.00 ,473 ,13.74
59012.00 ,473 ,14.31
59113.00 ,472 ,15.85
59214.00 ,471 ,13.51
59316.00 ,471 ,14.00
59417.00 ,470 ,14.31
59518.00 ,469 ,14.17
59620.00 ,469 ,13.69
59720.00 ,468 ,13.98
59822.00 ,467 ,14.74
59923.00 ,467 ,13.06
60024.00 ,466 ,14.03
60126.00 ,465 ,14.17
60227.00 ,465 ,13.51
60328.00 ,464 ,13.51
60430.00 ,463 ,13.51
60531.00 ,463 ,11.89
60633.00 ,462 ,14.17
60733.00 ,461 ,14.00
60834.00 ,461 ,13.51
60936.00 ,460 ,12.50
61037.00 ,459 ,13.51
61138.00 ,459 ,13.64
61240.00 ,458 ,13.51
61341.00 ,457 ,13.51
61443.00 ,457 ,14.28
61544.00 ,456 ,14.03
61645.00 ,455 ,12.37
61746.00 ,455 ,13.51
61847.00 ,454 ,13.69
61948.00 ,453 ,13.51
62050.00 ,453 ,13.39
62151.00 ,452 ,13.39
62253.00 ,451 ,14.17
62354.00 ,450 ,12.29
62455.00 ,450 ,12.80
62557.00 ,449 ,14.14
62657.00 ,448 ,14.03
62758.00 ,448 ,12.94
62860.00 ,447 ,12.78
62961.00 ,446 ,13.34
63063.00 ,446 ,11.99
63164.00 ,445 ,11.87
63265.00 ,444 ,12.92
63367.00 ,444 ,13.37
63468.00 ,443 ,12.39
63569.00 ,442 ,12.94
63670.00 ,442 ,12.94
63771.00 ,441 ,11.89
63873.00 ,440 ,12.39
63974.00 ,440 ,12.92
64075.00 ,439 ,12.50
64177.00 ,438 ,12.80
64278.00 ,438 ,12.29
64379.00 ,437 ,12.01
64481.00 ,436 ,12.50
64582.00 ,436 ,12.48
64683.00 ,435 ,12.80
64784.00 ,434 ,12.92
64885.00 ,434 ,13.87
64987.00 ,433 ,11.34
65088.00 ,432 ,11.70
65189.00 ,432 ,12.72
65291.00 ,431 ,10.61
65392.00 ,430 ,12.29
65494.00 ,430 ,13.37
65595.00 ,429 ,11.85
65695.00 ,428 ,12.01
65797.00 ,428 ,11.59
65898.00 ,427 ,12.39
65999.00 ,426 ,12.27
66101.00 ,425 ,12.39
66202.00 ,425 ,11.89
66304.00 ,424 ,12.61
66405.00 ,423 ,11.81
66506.00 ,423 ,10.72
66608.00 ,422 ,12.94
66708.00 ,421 ,11.89
66809.00 ,421 ,11.52
66911.00 ,420 ,12.72
67012.00 ,419 ,10.71
67113.00 ,419 ,12.13
67215.00 ,418 ,12.52
67316.00 ,417 ,11.11
67418.00 ,417 ,12.19
67519.00 ,416 ,12.29
67619.00 ,415 ,10.72
67721.00 ,415 ,12.29
67822.00 ,414 ,11.43
67923.00 ,413 ,12.48
68025.00 ,413 ,11.87
68126.00 ,412 ,10.24
68228.00 ,411 ,11.87
68329.00 ,411 ,10.39
68430.00 ,410 ,10.60
68532.00 ,409 ,12.03
68633.00 ,409 ,11.32
68733.00 ,408 ,11.81
68835.00 ,407 ,10.54
68936.00 ,407 ,11.79
69038.00 ,406 ,11.44
69139.00 ,405 ,11.01
69240.00 ,405 ,11.55
69342.00 ,404 ,10.63
69443.00 ,403 ,10.36
69544.00 ,403 ,10.32
69646.00 ,402 ,9.96
69746.00 ,401 ,10.69
69848.00 ,401 ,10.61
69949.00 ,400 ,11.11
70050.00 ,399 ,9.91
70152.00 ,398 ,10.61
70253.00 ,398 ,11.36
70354.00 ,397 ,11.53
70456.00 ,396 ,10.61
70557.00 ,396 ,9.29
70658.00 ,395 ,11.81
70759.00 ,394 ,10.17
70860.00 ,394 ,10.43
70962.00 ,393 ,10.54
71063.00 ,392 ,10.54
71164.00 ,392 ,9.41
71266.00 ,391 ,9.60
71367.00 ,390 ,11.43
71469.00 ,390 ,11.00
71569.00 ,389 ,10.32
71670.00 ,388 ,9.96
71772.00 ,388 ,9.94
71873.00 ,387 ,10.12
71974.00 ,386 ,9.29
72076.00 ,386 ,10.52
72177.00 ,385 ,10.61
72279.00 ,384 ,10.05
72380.00 ,384 ,9.66
72480.00 ,383 ,9.29
72582.00 ,382 ,9.06
72683.00 ,382 ,11.78
72784.00 ,381 ,9.60
72886.00 ,380 ,9.29
72987.00 ,380 ,9.08
73089.00 ,379 ,9.29
73189.00 ,378 ,9.01
73290.00 ,378 ,11.00
73392.00 ,377 ,9.65
73493.00 ,376 ,8.73
73594.00 ,376 ,10.23
73696.00 ,375 ,10.24
73797.00 ,374 ,9.57
73899.00 ,374 ,9.00
73999.00 ,373 ,9.77
74100.00 ,372 ,9.64
74202.00 ,371 ,8.52
74303.00 ,371 ,8.51
74404.00 ,370 ,9.29
74506.00 ,369 ,9.29
74607.00 ,369 ,9.59
74707.00 ,368 ,8.56
74809.00 ,367 ,9.59
74910.00 ,367 ,8.54
75012.00 ,366 ,9.59
75113.00 ,365 ,9.01
75214.00 ,365 ,9.00
75315.00 ,364 ,9.29
75416.00 ,363 ,9.91
75517.00 ,363 ,8.54
75619.00 ,362 ,9.03
75720.00 ,361 ,8.50
75822.00 ,361 ,9.01
75923.00 ,360 ,8.25
76023.00 ,359 ,9.29
76125.00 ,359 ,9.01
76226.00 ,358 ,9.57
76327.00 ,357 ,9.29
76429.00 ,357 ,8.09
76530.00 ,356 ,9.28
76632.00 ,355 ,8.49
76732.00 ,355 ,8.26
76833.00 ,354 ,8.03
76935.00 ,353 ,8.75
77036.00 ,353 ,7.68
77137.00 ,352 ,8.32
77239.00 ,351 ,8.26
77340.00 ,351 ,8.50
77441.00 ,350 ,7.63
77542.00 ,349 ,8.04
77643.00 ,349 ,8.04
77745.00 ,348 ,7.63
77846.00 ,347 ,8.26
77947.00 ,347 ,8.27
78049.00 ,346 ,8.50
78149.00 ,345 ,7.83
78251.00 ,344 ,8.74
78352.00 ,344 ,8.50
78453.00 ,343 ,7.83
78555.00 ,342 ,8.09
78656.00 ,342 ,7.83
78757.00 ,341 ,8.75
78858.00 ,340 ,7.83
78959.00 ,340 ,7.83
79060.00 ,339 ,8.26
79162.00 ,338 ,7.83
79263.00 ,338 ,8.47
79365.00 ,337 ,6.92
79466.00 ,336 ,7.63
79566.00 ,336 ,8.50
79668.00 ,335 ,7.43
79769.00 ,334 ,8.05
79870.00 ,334 ,6.20
79972.00 ,333 ,8.03
80073.00 ,332 ,7.08
80175.00 ,332 ,7.08
80275.00 ,331 ,7.26
80376.00 ,330 ,6.61
80478.00 ,330 ,6.92
80579.00 ,329 ,6.92
80680.00 ,328 ,7.61
80782.00 ,328 ,8.48
80883.00 ,327 ,6.90
80984.00 ,326 ,6.74
81085.00 ,326 ,7.42
81186.00 ,325 ,6.98
81288.00 ,324 ,7.42
81389.00 ,324 ,7.24
81490.00 ,323 ,7.24
81592.00 ,322 ,7.24
81692.00 ,322 ,6.76
81794.00 ,321 ,6.76
81895.00 ,320 ,7.25
81996.00 ,320 ,7.25
82098.00 ,319 ,7.08
82199.00 ,318 ,6.60
82299.00 ,318 ,7.08
82401.00 ,317 ,6.61
82502.00 ,316 ,6.46
82604.00 ,315 ,6.92
82705.00 ,315 ,6.46
82806.00 ,314 ,6.46
82908.00 ,313 ,6.76
83008.00 ,313 ,6.92
83109.00 ,312 ,5.95
83211.00 ,311 ,7.08
83312.00 ,311 ,6.32
83414.00 ,310 ,6.33
83515.00 ,309 ,6.32
83616.00 ,309 ,6.46
83717.00 ,308 ,6.20
83818.00 ,307 ,6.20
83919.00 ,307 ,5.41
84021.00 ,306 ,6.07
84122.00 ,305 ,6.20
84224.00 ,305 ,6.19
84325.00 ,304 ,6.33
84425.00 ,303 ,6.33
84527.00 ,303 ,6.46
84628.00 ,302 ,6.19
84729.00 ,301 ,5.72
84831.00 ,301 ,5.72
84932.00 ,300 ,5.94
85032.00 ,299 ,5.41
85134.00 ,299 ,6.33
85235.00 ,298 ,6.19
85337.00 ,297 ,5.83
85438.00 ,297 ,6.07
85539.00 ,296 ,5.41
85641.00 ,295 ,5.61
85741.00 ,295 ,6.07
85842.00 ,294 ,5.72
85944.00 ,293 ,5.22
86045.00 ,293 ,5.51
86147.00 ,292 ,5.41
86248.00 ,291 ,5.13
86349.00 ,291 ,5.13
86450.00 ,290 ,5.51
86551.00 ,289 ,5.22
86652.00 ,288 ,4.65
86754.00 ,288 ,5.41
86855.00 ,287 ,5.61
86957.00 ,286 ,5.31
87058.00 ,286 ,4.96
87158.00 ,285 ,5.13
87260.00 ,284 ,5.04
87361.00 ,284 ,4.51
87462.00 ,283 ,5.61
87564.00 ,282 ,5.13
87665.00 ,282 ,5.04
87767.00 ,281 ,4.87
87867.00 ,280 ,4.87
87968.00 ,280 ,5.13
88070.00 ,279 ,4.88
88171.00 ,278 ,4.72
88272.00 ,278 ,4.72
88374.00 ,277 ,5.04
88475.00 ,276 ,5.13
88576.00 ,276 ,4.87
88677.00 ,275 ,4.96
88778.00 ,274 ,4.72
88880.00 ,274 ,4.64
88981.00 ,273 ,4.72
89082.00 ,272 ,4.72
89184.00 ,272 ,4.64
89284.00 ,271 ,4.19
89385.00 ,270 ,4.13
89487.00 ,270 ,3.97
89588.00 ,269 ,4.64
89690.00 ,268 ,4.50
89791.00 ,268 ,3.97
89891.00 ,267 ,4.19
89993.00 ,266 ,4.13
90094.00 ,266 ,4.07
90195.00 ,265 ,3.91
90297.00 ,264 ,3.76
90398.00 ,264 ,3.86
90500.00 ,263 ,4.02
90600.00 ,262 ,3.91
90701.00 ,261 ,4.02
90803.00 ,261 ,3.91
90904.00 ,260 ,3.91
91005.00 ,259 ,3.91
91107.00 ,259 ,4.02
91207.00 ,258 ,3.81
91309.00 ,257 ,3.63
91410.00 ,257 ,3.81
91511.00 ,256 ,3.77
91613.00 ,255 ,3.50
91714.00 ,255 ,3.58
91815.00 ,254 ,3.45
91916.00 ,253 ,3.76
92017.00 ,253 ,3.34
92119.00 ,252 ,3.30
92220.00 ,251 ,3.09
92321.00 ,251 ,3.19
92423.00 ,250 ,3.19
92524.00 ,249 ,3.37
92624.00 ,249 ,3.41
92726.00 ,248 ,3.12
92827.00 ,247 ,3.19
92929.00 ,247 ,3.12
93030.00 ,246 ,3.26
93131.00 ,245 ,3.26
93232.00 ,245 ,3.09
93333.00 ,244 ,2.83
93434.00 ,243 ,2.65
93536.00 ,243 ,3.00
93637.00 ,242 ,2.91
93739.00 ,241 ,3.09
93840.00 ,241 ,3.30
93940.00 ,240 ,2.97
94042.00 ,239 ,2.31
94143.00 ,239 ,2.54
94244.00 ,238 ,2.69
94346.00 ,237 ,2.61
94447.00 ,237 ,2.86
94548.00 ,236 ,2.70
94649.00 ,235 ,2.70
94750.00 ,235 ,2.50
94852.00 ,234 ,2.59
94953.00 ,233 ,2.46
95054.00 ,232 ,2.40
95156.00 ,232 ,2.38
95256.00 ,231 ,2.36
95357.00 ,230 ,2.46
95459.00 ,230 ,2.31
95560.00 ,229 ,2.05
95662.00 ,228 ,2.20
95763.00 ,228 ,2.14
95864.00 ,227 ,2.24
95965.00 ,226 ,2.12
96066.00 ,226 ,2.08
96167.00 ,225 ,2.14
96269.00 ,224 ,1.91
96370.00 ,224 ,1.97
96472.00 ,223 ,1.82
96572.00 ,222 ,1.97
96673.00 ,222 ,1.80
96775.00 ,221 ,1.93
96876.00 ,220 ,1.85
96977.00 ,220 ,1.75
97079.00 ,219 ,1.82
97180.00 ,218 ,1.76
97281.00 ,218 ,1.69
97382.00 ,217 ,1.61
97483.00 ,216 ,1.64
97585.00 ,216 ,1.59
97686.00 ,215 ,1.53
97787.00 ,214 ,1.47
97888.00 ,214 ,1.42
97989.00 ,213 ,1.41
98091.00 ,212 ,1.46
98192.00 ,212 ,1.40
98293.00 ,211 ,1.43
98395.00 ,210 ,1.35
98496.00 ,210 ,1.26
98596.00 ,209 ,1.26
98698.00 ,208 ,1.13
98799.00 ,208 ,1.10
98900.00 ,207 ,1.09
99002.00 ,206 ,1.02
99103.00 ,205 ,1.05
99205.00 ,205 ,0.98
99305.00 ,204 ,0.94
99406.00 ,203 ,0.88
99508.00 ,203 ,0.84
99609.00 ,202 ,0.89
99710.00 ,201 ,0.83
99812.00 ,201 ,0.76
99912.00 ,200 ,0.81
100014.00 ,199 ,0.73
100115.00 ,199 ,0.64
100216.00 ,199 ,0.70
100318.00 ,199 ,0.64
100419.00 ,199 ,0.65
100520.00 ,199 ,0.64
100622.00 ,199 ,0.65
100723.00 ,199 ,0.72
100824.00 ,199 ,0.62
100925.00 ,199 ,0.66
101026.00 ,199 ,0.58
101128.00 ,199 ,0.64
101229.00 ,199 ,0.62
101330.00 ,199 ,0.68
101432.00 ,199 ,0.60
101533.00 ,199 ,0.61
101635.00 ,199 ,0.66
101735.00 ,199 ,0.66
101836.00 ,199 ,0.71
101938.00 ,199 ,0.63
102039.00 ,199 ,0.77
102140.00 ,199 ,0.66
102242.00 ,199 ,0.65
102343.00 ,199 ,0.60
102445.00 ,199 ,0.64
102546.00 ,198 ,0.66
102647.00 ,198 ,0.61
102748.00 ,198 ,0.53
102849.00 ,198 ,0.58
102950.00 ,198 ,0.61
103052.00 ,198 ,0.60
103153.00 ,198 ,0.59
103255.00 ,198 ,0.62
103356.00 ,198 ,0.55
103457.00 ,198 ,0.60
103559.00 ,198 ,0.56
103659.00 ,198 ,0.54
103760.00 ,198 ,0.59
103862.00 ,198 ,0.56
103963.00 ,198 ,0.59
104065.00 ,198 ,0.56
104166.00 ,198 ,0.57
104267.00 ,198 ,0.56
104369.00 ,198 ,0.58
104470.00 ,198 ,0.58
104571.00 ,198 ,0.59
104672.00 ,198 ,0.60
104773.00 ,198 ,0.53
104875.00 ,198 ,0.53
104976.00 ,198 ,0.59
105077.00 ,197 ,0.56
105179.00 ,197 ,0.53
105280.00 ,197 ,0.51
105381.00 ,197 ,0.55
105483.00 ,197 ,0.50
105583.00 ,197 ,0.50
105684.00 ,197 ,0.59
105786.00 ,197 ,0.50
105887.00 ,197 ,0.49
105989.00 ,197 ,0.52
106090.00 ,197 ,0.54
106191.00 ,197 ,0.54
106293.00 ,197 ,0.53
106394.00 ,197 ,0.51
106494.00 ,197 ,0.52
106596.00 ,197 ,0.45
106697.00 ,197 ,0.57
106799.00 ,197 ,0.55
106900.00 ,197 ,0.51
107001.00 ,197 ,0.52
107103.00 ,197 ,0.56
107204.00 ,197 ,0.55
107305.00 ,197 ,0.49
107407.00 ,197 ,0.52
107507.00 ,196 ,0.49
107609.00 ,196 ,0.48
107710.00 ,196 ,0.44
107811.00 ,196 ,0.42
107913.00 ,196 ,0.47
108014.00 ,196 ,0.48
108115.00 ,196 ,0.44
108217.00 ,196 ,0.45
108318.00 ,196 ,0.44
108419.00 ,196 ,0.44
108520.00 ,196 ,0.46
108621.00 ,196 ,0.44
108723.00 ,196 ,0.47
108824.00 ,196 ,0.48
108925.00 ,196 ,0.45
109027.00 ,196 ,0.49
109128.00 ,196 ,0.47
109230.00 ,196 ,0.49
109331.00 ,196 ,0.46
109431.00 ,196 ,0.49
109533.00 ,196 ,0.48
109634.00 ,196 ,0.46
109735.00 ,196 ,0.48
109837.00 ,196 ,0.47
109938.00 ,196 ,0.45
110040.00 ,195 ,0.45
110141.00 ,195 ,0.40
110242.00 ,195 ,0.43
110343.00 ,195 ,0.41
110444.00 ,195 ,0.44
110545.00 ,195 ,0.41
110647.00 ,195 ,0.40
110748.00 ,195 ,0.45
110850.00 ,195 ,0.43
110951.00 ,195 ,0.42
111052.00 ,195 ,0.38
111154.00 ,195 ,0.42
111254.00 ,195 ,0.40
111355.00 ,195 ,0.39
111457.00 ,195 ,0.41
111558.00 ,195 ,0.43
111660.00 ,195 ,0.41
111761.00 ,195 ,0.40
111862.00 ,195 ,0.41
111964.00 ,195 ,0.45
112065.00 ,195 ,0.39
112166.00 ,195 ,0.41
112267.00 ,195 ,0.38
112368.00 ,195 ,0.38
112470.00 ,195 ,0.39
112571.00 ,194 ,0.41
112672.00 ,194 ,0.36
112774.00 ,194 ,0.36
112875.00 ,194 ,0.32
112976.00 ,194 ,0.32
113078.00 ,194 ,0.32
113178.00 ,194 ,0.34
113280.00 ,194 ,0.36
113381.00 ,194 ,0.33
113482.00 ,194 ,0.34
113584.00 ,194 ,0.34
113685.00 ,194 ,0.34
113786.00 ,194 ,0.33
113888.00 ,194 ,0.33
113989.00 ,194 ,0.35
114091.00 ,194 ,0.34
114191.00 ,194 ,0.35
114292.00 ,194 ,0.36
114394.00 ,194 ,0.35
114495.00 ,194 ,0.33
114596.00 ,194 ,0.35
114698.00 ,194 ,0.35
114799.00 ,194 ,0.34
114900.00 ,194 ,0.35
115002.00 ,193 ,0.34
115103.00 ,193 ,0.34
115204.00 ,193 ,0.28
115305.00 ,193 ,0.27
115406.00 ,193 ,0.30
115508.00 ,193 ,0.26
115609.00 ,193 ,0.27
115710.00 ,193 ,0.29
115812.00 ,193 ,0.37
115913.00 ,193 ,0.37
116015.00 ,193 ,0.28
116115.00 ,193 ,0.29
116216.00 ,193 ,0.29
116318.00 ,193 ,0.29
116419.00 ,193 ,0.27
116520.00 ,193 ,0.27
116622.00 ,193 ,0.28
116723.00 ,193 ,0.28
116825.00 ,193 ,0.27
116926.00 ,193 ,0.29
117027.00 ,193 ,0.32
117128.00 ,193 ,0.28
117229.00 ,193 ,0.28
117330.00 ,193 ,0.27
117432.00 ,193 ,0.28
117533.00 ,192 ,0.28
117635.00 ,192 ,0.24
117736.00 ,192 ,0.24
117837.00 ,192 ,0.21
117939.00 ,192 ,0.20
118039.00 ,192 ,0.20
118140.00 ,192 ,0.20
118242.00 ,192 ,0.17
118343.00 ,192 ,0.23
118445.00 ,192 ,0.23
118546.00 ,192 ,0.21
118647.00 ,192 ,0.22
118749.00 ,192 ,0.22
118850.00 ,192 ,0.20
118951.00 ,192 ,0.21
119052.00 ,192 ,0.20
119153.00 ,192 ,0.20
119255.00 ,192 ,0.20
119356.00 ,192 ,0.19
119457.00 ,192 ,0.19
119559.00 ,192 ,0.23
119660.00 ,192 ,0.20
119761.00 ,192 ,0.21
119863.00 ,192 ,0.21
119963.00 ,192 ,0.20
120065.00 ,191 ,0.20
120166.00 ,191 ,0.20
120267.00 ,191 ,0.14
120369.00 ,191 ,0.14
120470.00 ,191 ,0.14
120571.00 ,191 ,0.14
120673.00 ,191 ,0.14
120774.00 ,191 ,0.13
120875.00 ,191 ,0.13
120976.00 ,191 ,0.13
121077.00 ,191 ,0.13
121179.00 ,191 ,0.13
121280.00 ,191 ,0.13
121381.00 ,191 ,0.13
121483.00 ,191 ,0.13
121584.00 ,191 ,0.13
121686.00 ,191 ,0.13
121787.00 ,191 ,0.14
121887.00 ,191 ,0.14
121989.00 ,191 ,0.15
122090.00 ,191 ,0.15
122191.00 ,191 ,0.15
122293.00 ,191 ,0.13
122394.00 ,191 ,0.13
122496.00 ,191 ,0.15